Latent_Dim_1,Latent_Dim_2
-29.474049,15.937643
-36.518517,7.7219524
38.361103,-51.62507
-44.151936,41.743458
51.734154,27.001804
-14.174145,-66.61751
-41.36195,-32.10286
72.580124,18.155415
66.780655,24.576853
71.51217,1.3490866
-71.56867,-8.110539
26.158827,-60.59503
11.519319,-8.903243
21.821198,-62.063908
23.224237,-42.369743
-77.371544,10.275574
22.82728,-33.28992
19.839844,-30.615572
31.35579,-14.008155
39.768627,-10.388027
-11.524198,-72.077965
9.617474,-24.814995
1.1373992,-51.9575
-19.67966,51.518406
-8.384755,-75.25185
-16.102566,-9.64972
19.964298,67.05264
-16.122585,6.746469
-8.787964,66.08663
52.666172,-33.92289
-1.9185144,3.709362
24.559958,-61.247654
49.51776,-6.6979055
-12.286202,-52.90364
10.825636,-60.132328
22.9042,-61.723156
-11.654993,35.35579
12.98198,-61.13485
10.065872,-82.749794
70.162865,21.490517
19.700478,32.85948
-38.6258,-49.66903
-55.191616,-14.943669
-19.652061,28.13633
11.168129,69.6735
-15.2856865,-59.150887
-10.811479,69.674965
-0.453026,-50.909706
7.112765,-83.24563
28.90522,57.660248
34.59258,-55.304268
3.2345946,-53.504734
-49.732155,62.364277
56.291084,-5.1760726
29.206238,-14.872761
-7.233125,-76.36116
-42.461315,-45.84374
15.680067,30.75139
9.312472,-24.597385
-2.2177594,1.3289177
59.302372,27.682964
42.495853,21.09683
74.8021,12.627187
-50.868523,49.04132
9.920042,69.41985
28.594048,41.166084
-14.944614,-64.30439
37.50433,-52.10164
52.738655,-5.8073072
-40.86199,6.2016687
-13.650332,-30.474632
46.36788,-43.37191
22.94878,-62.041546
27.490786,39.518646
-13.975125,-67.09053
-0.7744172,-1.1965115
-69.9243,-9.6504965
58.26869,-22.644472
-56.66462,16.585773
30.911787,49.902065
47.312683,24.843208
12.736342,29.302942
22.765368,65.11158
74.680984,13.138913
-38.87047,-29.945942
-39.786263,40.722515
58.870003,-21.902262
-68.657684,-11.436101
60.553192,27.454988
-62.673836,19.75951
25.562914,37.348953
-46.278038,42.4481
58.269283,-22.6054
-7.8227487,-50.306763
-12.725398,10.488414
2.191806,23.041683
75.03067,9.732225
-39.273792,41.0474
19.54091,-30.414705
-62.757946,19.793098
-11.790334,-71.729546
-17.066515,-8.887733
-0.86836684,52.9571
-4.5621724,59.220936
14.726275,-61.905323
-15.384075,-60.927902
-10.388305,-51.362766
-74.95966,15.348483
34.866795,11.600234
4.70652,42.684166
-6.6914053,-12.055998
-27.36695,19.127842
-39.166576,6.518781
52.678036,27.11555
-24.435392,49.776196
50.082977,-37.62526
23.118977,35.010204
11.805684,-7.680101
-2.4867737,-30.664099
-7.651188,15.260994
-54.13761,-14.93477
14.062087,14.689061
10.159817,27.97172
11.780273,-60.584183
-44.249634,-41.421646
9.542345,-59.362446
0.8036804,50.134857
9.303477,27.512188
-52.627552,12.572638
-10.160295,-11.9505205
23.91654,-38.919178
-20.286266,27.45736
3.815375,24.190243
-21.083698,51.12173
-35.05319,-51.62864
59.193295,27.624226
-19.742142,-0.7915912
15.404067,68.97713
-75.898506,13.869862
-36.380177,41.77532
35.969143,-54.122234
-14.75753,-57.145237
-10.655412,12.524149
-71.70407,18.287727
-15.112746,-63.546036
-73.65031,16.828009
-10.672637,-72.71612
11.612924,-8.538526
46.04122,-43.844448
22.415014,-44.999474
57.676964,-24.635984
-6.196595,-50.06053
-46.190357,42.82808
5.8214784,-20.99041
16.147943,30.727678
-10.165083,-51.265785
-47.51074,8.088338
-63.59677,19.939684
-44.081535,-42.32199
13.925835,12.301807
-50.75973,48.71792
-18.19682,51.259953
29.627142,5.2769227
-19.173946,28.873936
-54.002953,13.877886
-56.347794,16.042753
9.631252,-24.823444
-23.277697,-27.97041
-15.192216,-62.736965
23.21637,-43.615135
16.03144,30.893219
-18.2145,51.262974
16.677588,31.294779
47.272717,-41.303967
12.449447,-2.7779262
41.652103,-48.485004
27.461927,-15.566415
-75.12382,-3.1645515
-35.787224,-28.335112
-13.127976,-69.24376
26.373623,2.0270703
73.149025,3.6319914
36.42954,13.645525
-15.20271,-58.705498
24.190487,63.847546
-61.358498,19.309568
10.909927,28.36874
-11.187515,-72.49459
14.921944,-61.937016
-50.325024,10.285036
4.6231256,42.86095
31.81499,7.7467446
-25.318386,22.288906
-33.20008,-52.186367
0.30998543,50.97876
-10.288814,12.86659
-21.772583,50.93929
-50.573826,59.51157
37.41746,14.946994
-1.6209072,2.269593
-24.84589,49.53898
-32.602554,11.383627
29.962368,-60.52898
50.882835,26.631985
11.503811,-8.966698
72.404205,2.4676778
1.1482567,49.54354
39.809124,-50.355038
74.43834,14.002027
-42.980236,-34.188923
-18.079845,51.237003
10.335883,-82.65154
65.41681,-2.69949
-19.52701,-4.9963446
-10.058885,68.079346
42.26579,-47.589195
-41.924526,-32.71202
36.775,14.10214
-76.72885,0.009592802
-15.40221,-63.193478
38.245255,16.000532
-63.81517,19.972235
12.697792,69.79321
-30.048256,45.593235
42.83397,-9.101669
13.263234,7.206739
13.806963,11.245733
-5.0769205,60.081097
-46.273365,7.366663
12.087205,69.31864
-40.728386,-31.454208
-13.122931,-30.59142
74.54659,6.8380218
-38.50848,-49.842686
4.1540527,43.86597
25.304522,1.0863667
23.650032,-61.567204
-3.0708017,19.01529
-31.748972,-52.432186
-17.452518,30.425959
63.192383,-3.5304513
12.76459,-26.92192
15.974842,-62.007656
12.780449,2.2095835
-28.566427,17.332329
24.958385,35.819553
51.710114,27.066021
5.6243525,-55.79423
-15.352358,-10.140461
3.2423363,45.705517
30.639984,46.235302
-24.10574,23.330603
9.982395,69.39909
-2.5670645,-30.679548
-75.31644,-3.3880649
-49.709064,62.447968
41.76086,-48.364048
-71.32677,18.503262
24.343655,-16.81684
41.42691,19.66983
3.3551714,45.487164
4.870211,42.321724
10.381034,28.09375
69.58609,22.101938
-17.020702,29.788948
65.95569,-2.453391
-6.777665,-76.74371
-14.939603,-64.32749
42.557632,-9.346138
67.71795,23.831554
-12.975764,-53.66847
-35.573593,42.08179
-48.01228,-14.560411
22.522932,34.570797
38.18393,-52.139923
68.183136,23.424908
-21.512056,26.337591
-31.578833,-27.364391
-50.33593,60.295757
25.196363,0.99551266
14.014265,13.274967
-65.849724,20.057438
-54.61745,-14.621117
27.349108,39.29819
23.849533,-17.023548
23.917603,-37.154884
14.542676,69.21643
72.41778,1.9826597
-61.138935,-14.006232
-15.42076,-62.601875
-9.377524,-50.96837
-2.3915224,55.696922
-77.18491,1.3448099
34.01612,-55.72728
-1.5093627,-30.388136
-35.05488,42.31223
-26.37549,20.502445
-49.495464,46.400837
71.93297,19.201702
70.36806,0.3063677
-32.62396,43.142963
-10.712658,-51.56911
32.71564,8.851202
-74.382195,-4.78469
27.933313,-59.82972
30.75841,6.556212
75.04529,10.603859
46.78085,-41.91795
-44.071995,6.391909
-73.11286,17.26621
19.03738,32.48609
-1.7778012,-11.439713
13.63738,-61.33167
-6.207497,16.596722
32.216446,-57.083927
-39.785484,6.365138
-65.16764,20.037703
72.55953,2.2335658
5.456005,40.976913
-74.4351,-3.1633966
74.8396,12.482776
-44.065186,-42.388462
-57.299873,16.810587
57.22753,-25.715813
-73.08321,17.284908
26.201906,37.90501
51.076782,-36.238285
-18.599009,51.336197
0.47532958,-81.65277
43.19025,-46.534702
-1.2027764,-81.21118
-4.708035,-11.863175
-73.708336,-5.614071
22.747444,-44.930084
-4.9892263,-49.988995
-44.093468,-36.74954
-28.630167,17.229422
-6.200272,61.90291
52.914623,-5.7644577
37.093693,14.518262
-1.9199288,54.75976
-11.064474,-72.15608
3.714764,-82.81971
9.395936,-59.247974
-20.79292,51.18884
46.853374,-41.831253
51.36013,-35.913506
5.748933,-20.93349
44.735264,-44.794937
-50.450657,60.116325
-50.95877,-14.768198
30.229078,45.01599
24.180063,-38.925274
-55.474213,15.321499
-7.309617,-77.05586
13.025454,29.448423
-32.227005,-27.463219
21.515078,66.07397
3.5372317,45.12699
33.65494,-12.959613
6.360866,25.840178
-49.805603,62.13143
69.872604,21.809082
-77.85047,5.0655565
28.363033,58.68353
7.480513,-57.684277
-77.86653,3.9452047
-68.63921,19.650444
2.5912478,-82.467636
73.84106,15.684963
16.990757,31.357534
-48.373158,8.558281
6.167074,-21.439472
-13.5006,-68.176285
14.460038,-61.456608
-53.1341,13.321166
38.919407,16.8395
-0.6231149,20.929579
71.425545,1.2668825
-49.66847,-14.763901
-35.018238,-51.644073
-42.813957,-33.920315
-30.550625,14.308178
-17.425125,5.0719533
-53.72114,-14.719444
69.05374,22.626957
-18.233833,-29.247116
-29.338186,46.18804
-7.282416,-76.32261
-17.472645,29.073542
-31.269073,13.069578
-63.195396,-13.543902
-12.12099,-11.598928
-19.639725,-28.84652
23.580486,-35.39928
3.2243512,45.741848
8.127331,26.867641
-15.321489,-59.348633
-41.3348,6.205692
-34.197617,-27.861172
40.4099,18.554535
-54.662308,-15.294722
12.65852,0.29539382
18.939516,-30.033482
-34.546886,9.195846
-12.81029,10.394619
1.4105422,-52.147854
-28.217293,-27.359514
-41.50664,-32.256054
48.542072,-6.998709
15.205228,30.51396
12.348666,-3.8590703
-70.70599,-8.853114
-77.893166,6.886224
39.41338,17.435022
28.55689,4.1644297
38.4435,16.252655
23.039589,-33.48246
-49.95015,61.662888
34.57876,-12.666557
-50.355568,10.298344
31.358824,-57.741463
-74.773895,-3.7309608
-25.9393,48.804413
-53.73551,13.799657
-14.569812,-56.6976
-32.56023,43.699257
-2.4480789,-80.02211
29.423664,-14.781374
39.485508,-50.820084
-77.741974,8.795136
9.960788,69.40128
56.873302,-26.372784
-5.324374,-49.833332
52.008183,-34.915195
54.976746,-5.278128
-9.914887,-11.983737
-57.514614,-14.614703
47.754875,-7.2504086
12.533112,-1.6991282
13.8918085,11.980681
52.580944,-5.849253
75.05521,9.983918
-19.775953,51.34236
23.625977,-0.32213116
22.805347,-43.548943
75.0049,11.214814
63.613125,26.410164
27.655996,59.801807
17.910753,-62.126114
-62.53995,19.739918
10.658494,-11.402353
67.43211,24.068773
58.059803,27.796608
24.561457,36.06608
-1.1944076,20.75006
2.140481,-82.273
5.0068445,-55.042397
-29.101213,16.494043
56.06128,-4.96733
0.19593984,51.176533
-7.1921935,15.476886
37.929974,15.598223
-51.23265,50.643246
-43.237095,41.444122
57.191948,-26.349054
12.16437,-26.96208
-1.2508644,20.692547
30.124556,54.71204
6.5463924,-21.90236
-54.576218,-14.949053
-19.376425,-5.4410195
30.47027,45.61486
-77.895035,6.0102153
37.382122,14.913131
-30.454544,45.27924
-76.26578,13.145365
-9.386649,-12.032784
-17.430279,-8.536328
68.369156,-1.110369
-12.461256,10.756084
50.284412,-37.376286
-12.012466,35.271297
-5.7804775,-11.986406
-8.20457,14.736749
14.073201,14.092687
-44.39,-38.496845
-8.516783,-50.543133
-73.875786,-5.4302015
-57.05925,16.541124
47.85337,25.14888
28.712503,4.326771
-42.59296,-33.67404
-14.555865,-56.657623
13.511377,9.08694
-43.57242,6.125515
64.0707,26.19265
5.237072,25.12585
12.604259,-0.58996236
-27.005966,-27.453037
34.765377,-55.157425
-10.007284,-31.060848
62.432194,26.908161
10.844698,28.330208
9.373138,27.554945
-53.108845,-14.8856535
-24.9647,49.468304
13.116726,-61.159122
14.717568,-61.523457
42.414303,-9.367657
57.10778,27.756313
-38.312355,-29.603144
73.26185,16.929998
38.045753,-11.148618
43.276596,-8.877602
38.56684,-10.923635
-32.37179,-52.35357
64.63011,-3.0143785
23.87212,-61.472904
43.78757,22.15574
-19.804045,-3.6364973
-13.223946,9.990694
-15.913824,6.813786
75.04998,10.369802
-50.08141,61.236782
16.281965,68.71744
-2.655625,55.984413
-0.3838029,21.250559
20.035225,-30.756115
-7.4375367,-50.218285
17.312902,31.352596
10.07715,27.92766
-26.96678,48.065815
14.359851,-27.81345
-23.125101,24.541378
29.921095,-58.623558
-0.94989944,-0.48969254
52.321274,-34.444046
21.245409,-62.08713
-0.2709751,-51.013126
-19.51414,0.14906953
14.43094,-27.848473
-12.0651455,-30.783524
12.977236,4.5913777
-77.14616,1.2205491
24.450314,0.27937582
-54.70545,-14.633413
-2.4522634,55.76248
-71.15634,18.600569
-30.68325,13.994289
-17.589151,4.3436065
30.140715,44.483
70.921074,0.7565089
-20.58009,51.233017
72.6108,2.7180355
-10.820593,-72.527725
45.01896,-44.07695
-5.1197443,-49.98429
39.422874,-50.71224
37.355152,14.849282
71.46105,19.866014
-41.833817,-46.715687
70.82789,0.6454855
16.445332,-61.99285
-12.292474,-30.754848
15.8692045,-28.520552
-6.2469697,-77.412766
10.447679,28.131636
-15.0734625,-63.688774
38.81078,-51.55255
-34.098747,-51.932034
-51.468147,54.699024
62.141617,27.00983
28.465456,-59.518787
29.678316,56.115463
20.198671,33.154263
-12.766734,-53.377712
-44.08329,-42.304165
5.4588046,-20.497368
-4.626552,-78.50273
-12.654361,-30.689651
-57.847775,-14.8301325
-77.09757,11.169883
33.72892,-13.0049715
72.039406,1.8407273
1.3815389,-52.1339
-19.824026,-1.4911242
25.181017,62.907513
51.410294,-35.74819
-40.9007,-47.736813
73.14568,17.149868
-57.52861,-14.613208
-4.839431,-78.37413
-3.491529,-30.867931
-15.249318,-62.20656
-30.64732,-27.318819
-12.0599375,-11.613613
-29.271242,46.241108
45.7363,-7.9476247
-28.567081,46.794163
-44.30664,-37.597736
48.34364,-40.002747
55.89584,-28.321848
-77.508575,2.3185244
-64.91163,-12.873032
-11.109905,12.088989
49.716362,-6.638905
39.2722,-50.841755
-38.791634,-49.746773
-44.130024,-36.85534
-76.501945,-0.520869
5.745276,-83.20765
8.299573,-23.701027
-38.801517,6.6613073
-6.5302596,16.430025
36.84999,-53.238297
-34.82243,-51.707077
-56.36967,-14.739181
23.86247,-0.065625474
0.22393176,51.129677
-13.304408,9.867582
23.902157,-37.01823
9.709149,-59.47923
39.256065,-51.03675
-57.935417,-14.812305
10.205107,-59.802406
56.050354,-28.5808
23.042332,-42.94138
5.4401407,-55.73621
20.850952,-62.161182
-12.735202,-53.347137
-24.2842,23.248089
35.897297,12.945499
-51.49938,53.80974
-34.623547,9.101501
33.91975,-57.01063
38.595108,-51.42805
28.434872,40.902596
29.803425,-14.629157
-30.95573,44.895824
-12.818811,-11.272246
-9.345516,-50.89247
7.8469095,-83.18725
71.665955,1.5749661
74.51194,6.6902447
11.466814,-26.156075
-13.170237,-11.501054
58.98298,27.97948
-11.90743,11.307362
-48.3704,8.689064
-38.582554,6.737174
52.385345,-5.89653
-36.206203,7.905053
-2.1268654,4.6649485
-56.947304,16.623337
17.509777,68.232376
0.16740113,-81.49272
23.93655,-0.0463223
-6.3873444,-50.0055
0.29995304,50.99628
-48.938526,45.626526
52.16999,26.868868
-11.393633,35.66062
-4.1335425,-30.979002
-15.468118,-30.024782
5.9905615,39.697395
-19.881258,-28.717077
30.696323,6.4643044
27.345451,60.213654
-7.595867,15.820423
-18.296396,3.1857088
-42.572136,41.3075
-49.0227,9.178328
58.779964,-22.574505
23.79736,-40.120804
-58.509094,17.731792
29.699549,-59.394215
39.863728,-10.3460655
5.0423517,41.925922
-10.938328,-51.888035
-4.149065,58.53643
24.659004,36.26378
3.539433,-82.773384
17.845984,-29.480844
-43.817604,6.164657
-25.119991,-27.687496
-15.403947,-60.21863
26.897861,2.5014064
-32.35716,43.825424
39.371494,17.410341
-28.959759,16.727095
68.017,-1.3466641
53.23224,27.299988
23.052057,-42.911835
-61.059006,-14.348609
58.864582,-21.749039
-18.90181,51.340588
-29.205168,16.345785
-61.06853,19.201159
34.99383,-55.420998
12.532657,-1.7049336
12.858828,3.2346597
23.233257,-34.302895
49.183693,-6.7993965
-76.89022,11.866577
-76.96292,0.6165715
46.23066,24.342726
-10.926117,36.1869
-57.880405,17.307573
-67.90129,-11.382101
-4.1612163,-79.04135
11.539713,-8.827766
-69.98879,-9.454283
-7.0247273,63.222126
-51.48173,53.266308
-1.1510973,-80.78069
48.904457,-39.26031
0.5850976,-51.576916
-25.792324,-27.59759
23.857744,35.600998
36.638718,13.926247
-8.596415,65.767845
-53.21029,13.21232
-74.09226,16.37254
-4.563832,-78.54011
3.0165005,46.13918
26.20723,61.673
10.768719,69.51474
31.106083,-14.105871
-22.313133,-28.207132
9.480372,-59.31135
-8.6006,65.77899
-19.264269,-5.7162986
26.627438,-15.895858
-50.323734,60.47052
26.948545,38.800465
32.030045,8.011099
25.374548,36.81162
36.448345,13.672506
25.555557,37.148808
-53.534584,13.403715
4.2520194,43.660744
-71.88675,18.186169
12.040111,-6.2824273
-26.126379,21.166883
44.206615,-8.520721
26.74412,61.02292
28.962887,41.83969
13.194092,6.661556
-39.93362,40.98377
-6.3955264,62.21406
-48.486454,8.751807
2.6876779,-53.138336
-69.4284,-9.958262
58.866615,-21.783587
25.046223,-61.042995
-6.9704695,-31.243761
-12.44107,-70.7309
-61.25034,-13.973463
8.767175,-83.1165
23.739613,-17.055357
-45.10513,6.860483
-37.945457,-29.390776
-23.504667,50.296906
-42.055065,6.2215753
-15.098448,-30.119032
-10.878508,69.84699
70.398796,0.33094615
-61.744354,19.470228
-50.661797,10.591309
-2.13527,4.701543
-6.5439744,-50.036827
68.17816,-1.236908
38.103043,-52.21494
12.405534,69.462616
-17.29516,29.23565
29.162004,42.22098
20.098701,66.93091
50.4964,-6.413219
14.458243,-61.829235
28.450974,40.941338
-1.5157636,0.6433594
52.7989,-5.7931175
-1.1922555,-11.165807
29.441236,56.60586
2.982129,-82.61162
-52.43216,12.36488
36.184284,13.323386
-73.72217,-5.076077
-66.41279,-12.131069
-51.641747,-14.782043
33.957737,-12.907945
-41.03942,-47.60096
-50.348724,-14.754254
-57.2257,16.852087
5.082734,-55.105076
5.460559,-55.5624
-17.836529,30.174702
24.232466,0.20889539
13.744139,-61.365215
24.457565,63.650627
-35.58673,8.258151
-39.77313,-30.575544
25.22381,1.0164022
24.056555,-61.413754
-23.52972,24.028845
-60.512463,-14.240872
13.8477745,17.893383
31.07536,-57.963123
-10.389864,68.719
-37.369175,-29.075079
-52.03597,11.962512
-7.3790035,-76.24387
-12.531912,34.368412
27.729382,39.829956
11.492205,-26.172724
55.91833,-5.126671
-39.83114,6.3452263
30.723833,52.177032
-11.672668,-11.686709
10.464068,69.543686
5.7999425,-20.964159
-76.74083,0.028819747
30.251148,5.9709096
-11.123127,12.076822
-38.95734,-49.401314
-7.6004434,-31.240402
19.828617,-62.20722
-14.812848,-64.779526
20.812963,-31.359617
-50.446198,48.329014
-2.413144,19.541079
-41.550007,41.120968
-30.733702,13.95978
23.796612,-36.34244
-11.123008,35.972504
-38.278393,41.190643
7.59075,-23.054165
3.1932592,-53.778397
29.256147,-59.012535
-9.713574,13.397864
66.85765,24.509163
46.348564,-7.7279325
-63.25178,19.886467
15.134901,-28.184141
-42.1178,6.2098107
6.121868,25.688475
22.786499,-33.712368
-1.6523386,-11.044789
-75.334236,14.896306
-3.073069,19.014765
12.322354,-4.1066093
51.95253,-35.00295
67.89477,23.681463
-15.975773,-62.301346
-54.695618,-15.292571
9.38568,-82.9382
-39.257626,-49.48553
5.2860165,-20.210451
-76.49803,12.792082
-12.50926,-71.434845
-2.8673987,56.361797
23.78326,-40.187458
34.639812,11.310489
23.584242,-0.29200092
34.45918,11.075326
-8.64273,-31.18453
66.045944,25.075806
25.073257,-16.48091
10.260939,-12.477314
-18.602392,2.5392644
-61.473473,-14.316648
-32.977684,-27.5923
38.559475,-10.9194765
18.73201,-29.912203
-27.130306,47.94586
13.299728,7.5438824
-65.51383,-12.604847
32.314255,-57.453587
3.705891,-82.945465
-3.580174,-11.686435
10.800375,-11.582798
38.168747,-11.099882
12.611528,-0.4741992
-62.247192,-13.864972
45.873672,-44.077324
-32.361042,11.709019
-15.921482,6.826947
-13.267774,-68.63137
-49.316704,46.147583
51.478764,26.863981
-47.822742,8.297404
8.81547,27.250086
38.311855,-11.048563
-50.76382,48.67019
59.596123,-4.3317785
-55.13252,15.017458
-47.436043,8.031853
43.89248,22.246408
-6.3137593,-31.210817
11.413991,-60.418167
-39.78899,6.3633795
-34.376087,42.635273
-18.230566,29.816645
29.675615,55.863815
-39.37781,40.9531
-36.251644,-28.530895
-19.692398,-0.5501547
-1.9839582,4.033975
62.484825,-3.696659
3.231794,23.78739
21.870195,-32.415092
10.399685,-12.203743
12.939873,4.186996
31.325052,7.1548195
-25.788094,48.9217
-22.71865,-28.079
73.6238,4.5615706
-26.94708,19.761934
-39.858154,-30.646994
1.5020761,-82.022705
61.919548,-3.8614156
-23.892345,23.710657
30.87169,50.8034
37.634144,-11.3341
53.472206,-32.79004
-43.525604,-43.932716
-5.7408047,-77.66492
73.57362,16.306355
-44.16437,-36.969746
75.013145,9.523751
-38.445557,6.797628
-7.0446053,63.246025
52.407543,27.471537
-6.1294336,61.7952
20.625217,-62.16183
43.205997,-8.924766
9.998926,-82.7716
-12.657116,-30.672535
-12.972046,-53.663475
-44.267807,-37.384163
14.045042,14.893579
12.807228,2.5994918
14.879734,-61.56822
30.746672,46.829815
-2.0093994,-80.314926
10.124483,-59.754253
28.160404,40.47948
-1.8225931,-30.49325
49.924427,-37.834885
12.443519,-26.741451
-15.824952,-29.934706
-75.38848,-3.18089
57.951374,-4.6631975
19.613178,32.814754
-0.30419174,21.15627
58.09646,-4.6616096
-2.4103124,55.350433
9.810716,-25.321976
3.238461,-53.619503
-1.136549,0.2383313
-58.37688,-14.729779
-49.097343,9.247442
10.480033,-25.483347
43.46771,-46.178455
14.070046,14.053263
-0.7784385,-1.1984979
13.802823,11.220823
30.257965,5.9714975
-9.713732,-31.094154
-44.36383,-40.237286
-19.099215,-6.054342
-43.142574,-44.73605
-13.9753065,-10.801792
-35.50653,-28.215405
13.633527,9.973871
34.452744,11.065985
26.216862,-60.575764
25.124132,62.89269
27.30228,60.319397
-4.602194,59.302357
-52.4993,-14.867007
23.402008,-33.862343
52.0476,-5.986504
-31.16381,-27.34601
56.380497,-27.815283
-3.7790363,-30.920658
-32.881855,43.53801
-51.21497,50.48477
19.695293,67.145424
62.508144,-3.8891044
-49.533035,46.463215
65.20245,-2.788595
14.039083,13.548816
-42.886272,-45.195744
10.6373005,28.227037
13.097782,-61.152767
29.672255,55.59887
-49.839176,62.04905
14.699688,30.27375
-49.078568,-14.1836195
5.1471343,-55.163635
22.426243,-17.63408
10.712726,-11.224109
24.904165,0.7281722
-9.471576,-51.00549
10.797359,-82.41117
33.023026,9.236759
-51.369602,55.641613
16.303974,68.711075
12.9755335,69.52337
7.7984686,-83.202286
10.322297,-59.840954
-2.107088,4.595224
8.226449,-58.330322
53.365063,-5.6539464
-2.5056274,-11.562834
-15.162699,-62.987305
45.396553,-8.0706005
-36.158813,41.85964
41.7815,-48.337536
54.578705,-31.180458
26.671684,61.235764
24.950645,36.4812
-41.718628,-32.483616
30.761866,6.18164
39.25736,17.277477
-52.28846,12.217625
-40.12027,6.3015223
13.826757,11.413508
1.696103,48.582333
30.96717,49.71471
65.35726,-2.722207
-50.7053,60.01118
-60.782753,-14.666244
-36.158997,-51.148705
20.846619,-62.140182
42.97693,-8.980535
58.430946,-4.571582
-0.87662065,20.528233
-67.37638,-11.737863
-50.451073,60.116478
12.887388,-26.997503
54.97299,-31.165836
-32.92033,43.51461
74.53085,13.77218
-30.541845,-27.320242
49.863487,-37.92373
-9.156283,66.658844
-5.588695,-77.78275
-51.20019,56.82435
39.424694,-10.542365
-3.2218156,18.956284
-23.608057,24.360073
13.796246,11.162399
-28.68702,47.269413
34.200985,-56.148613
-7.536431,-76.10762
58.697903,27.701471
-8.203622,65.13505
13.381109,8.1442
7.2251763,-22.636263
-4.352922,-49.854393
33.3228,-13.245567
45.869164,-42.876884
-43.952976,-36.372643
-26.468344,20.60683
-2.2588398,55.50548
45.15979,-43.815964
30.496685,6.014168
-78.51202,3.1754777
50.644436,-6.3692446
13.334414,-27.271591
54.03166,-5.4944954
22.707575,65.53854
-13.565181,-54.537575
-53.931908,-14.660889
22.966267,-43.136936
-73.71704,16.740122
-1.9461693,3.854469
18.634235,67.70176
30.305786,54.193905
6.2522025,-83.24425
-2.7688715,19.263678
-31.744694,44.26807
31.22879,51.314198
-4.559314,-78.773224
-24.697506,22.651564
-4.556218,-78.54545
-10.281123,-51.805084
-30.62292,45.157883
-2.1148164,-11.010273
-41.839703,41.16282
-1.7984358,-50.403206
-33.629726,10.194727
9.577035,-25.15772
13.253591,-27.21828
-30.565004,44.805893
-32.74485,43.61482
5.1384764,-83.12612
19.309067,32.639416
-51.110615,49.907883
-11.047476,-51.82662
58.64691,-21.556778
34.165955,-57.30364
-72.77792,-6.701733
48.89264,-39.212254
50.966026,-36.422947
41.212757,19.794529
11.973959,-6.7434845
12.761793,29.316193
-6.777831,-76.74404
-38.767742,-29.880253
-10.572498,-51.469334
-66.72614,-12.011739
-10.204116,-73.34209
8.924992,27.311264
67.98139,-1.3679371
-71.4926,-8.194387
45.002773,23.173157
28.147268,58.959167
6.1002765,-21.395216
-62.11175,-13.876002
12.2562065,-4.667824
-41.034576,41.053783
11.572215,-8.703762
26.897148,-60.312214
-50.311302,47.77872
7.9545674,-23.425873
23.40787,-41.624474
57.274933,-25.613197
-9.888926,67.78656
-63.747597,19.997036
-19.698673,-0.5771126
-4.4043684,-31.019953
-36.170963,7.9928923
-49.795464,62.156853
-31.332277,44.598274
-53.368977,13.223561
-51.00563,49.53452
41.31415,18.110973
-38.582138,41.129494
-68.565384,19.66397
-21.525492,-28.462843
-6.1865044,-12.02656
-21.893776,50.904
7.7288833,-57.91367
-15.446619,-60.891094
-29.844824,15.356105
-1.4668921,1.6409746
49.14625,-38.88101
30.728863,46.907608
12.541029,-1.5657128
55.588657,-28.97194
13.454269,-61.348732
22.969398,-61.704285
29.118355,42.130943
16.477713,31.146864
10.224627,-25.285715
-13.775147,33.44784
-49.950153,61.662888
-0.56689954,-81.1175
-3.6624796,-80.669304
-15.037895,32.304726
-44.712704,41.940186
21.11304,66.45422
-50.525463,48.558727
44.97302,-8.2302475
-55.94634,-14.91504
-74.943474,-3.4235506
23.500738,-35.105816
-6.5588164,-50.126755
-77.131195,11.058195
32.095978,-13.701239
-1.2648726,-50.578766
23.86428,-39.7807
-38.60808,41.125977
8.292216,-83.14162
22.109814,-32.71599
-24.146364,49.938602
66.41947,24.825195
-49.05327,9.192142
-22.692417,50.67243
-50.521564,59.619633
17.06991,68.42403
-62.044357,-14.17414
-27.70884,47.497738
-15.289818,-58.962326
-51.046745,49.659283
-41.85825,41.165447
-76.786064,0.15446731
30.942144,50.218876
-70.50908,-9.386817
-51.379967,51.26371
56.93756,-26.500175
11.899228,-7.137427
21.24125,-31.747847
-35.527508,8.468162
34.294926,-12.8038025
6.780208,-83.25557
24.105888,-37.881027
-50.918053,49.261303
22.192385,-61.934242
4.5907836,42.939777
58.267494,-22.645197
23.672985,-35.753017
29.594793,-60.083004
31.861416,-13.790921
30.543684,53.03798
15.821234,30.912739
-8.026865,-31.22551
38.92594,-51.40707
-66.17095,-12.27912
-39.272667,41.035866
39.148933,-10.664981
-75.58562,14.481755
-8.290583,-50.45826
-31.396408,-52.45832
-60.459705,18.883615
-20.706598,-28.570461
-22.248545,-28.193745
48.803192,-39.446957
-38.280136,-49.965847
33.616486,9.989792
51.708405,-35.512432
27.925192,59.24143
-46.053524,42.605953
24.650562,63.409748
-39.546444,41.080917
11.224295,-9.962264
22.808918,-33.75139
-0.36014313,52.111607
32.81364,-13.392055
-40.326153,-31.060753
-30.431335,14.441965
-5.4014916,17.068537
-26.390026,-27.521006
23.16519,-34.233173
-14.91887,-64.60291
-10.964903,70.0738
29.51148,42.995026
-29.294294,46.224136
-77.743004,4.4389243
5.0590215,-55.08539
1.306148,49.274494
-14.015697,-55.333958
55.552032,-29.38504
-50.739574,48.325916
-13.801857,-67.45745
58.76949,28.074244
40.571526,-49.66187
14.068993,14.031714
22.409477,-45.01711
-31.954657,44.119953
19.25946,67.37201
57.762043,-4.7157493
-28.501827,17.428377
24.874132,0.7094685
-6.414347,-77.09691
54.124035,-32.466213
-30.276535,45.419918
-14.196774,-10.765086
-9.906726,13.215338
22.223673,65.7873
23.807713,35.50805
10.193171,-25.265932
0.62877977,50.44264
-19.813654,-3.0275548
-19.201216,1.0782233
-36.01307,-28.42269
-34.8897,-28.035545
17.648674,-29.186937
23.106806,-43.924267
-21.36104,26.475458
-33.644764,10.1879635
10.844135,69.443665
-67.442986,-11.550724
-48.965435,-14.184856
30.911888,48.91845
-75.47719,14.645291
-46.781982,7.656385
-12.888202,34.233467
75.040535,10.7252
-67.569695,-11.352319
24.322447,-61.32892
52.145107,26.943125
27.748875,3.3466632
-3.6714625,-79.16752
-17.052055,5.2043376
33.57485,9.935033
2.4031928,47.282776
32.79019,-13.405208
-37.806942,41.305454
-66.60291,19.998589
46.15496,24.155447
74.380394,14.191565
62.921654,-3.6222215
55.949436,-5.119768
-56.6092,-14.709391
-14.695094,32.672142
-51.11531,57.23631
26.574905,-60.438316
42.636436,-9.218327
-7.5932484,-12.074882
10.824271,-60.125237
-6.9424624,-76.590744
-13.709959,9.426155
-10.761058,-51.60293
-16.130854,6.396838
24.430746,63.621555
13.845779,11.569365
20.412956,-31.032068
53.666725,27.432327
17.72574,-29.43504
43.097088,-8.965667
-50.64506,10.584367
-0.8311559,-1.0375301
-21.438494,-28.319952
-25.826849,22.004162
-7.582191,-50.24868
-14.9602375,-57.71431
21.614021,-62.03472
-63.958427,19.975166
-18.099535,29.715538
14.722738,69.14004
36.298256,-11.918358
27.575516,-60.01315
-17.880024,-8.011629
-77.37921,10.249208
5.527113,40.808445
16.178019,-28.661497
13.944636,12.481637
13.5028515,9.031943
-44.507656,41.86613
25.088066,36.703537
3.1505182,45.8841
-32.110966,-27.44815
34.717304,-12.575596
-27.68537,18.670048
-77.674255,9.104825
62.573364,-3.609946
0.14536631,21.584536
-17.960304,3.8679883
72.98025,17.462545
-76.71508,-0.033825226
35.831635,-12.119363
24.723959,-16.722595
-17.64544,-29.41641
-26.76635,20.010405
18.472046,32.18623
-43.561005,41.56322
53.96477,-31.716805
12.287326,-4.4120526
-47.950867,8.381706
-38.279137,41.190132
-4.730847,-31.05711
-4.789742,-31.066843
-23.009735,-28.013262
42.265823,-47.589172
8.029028,-23.42569
31.874348,7.8171782
19.015678,32.479485
-50.081406,61.236782
23.26219,-34.475655
10.142818,-59.735794
-42.305817,-33.1673
-4.6632295,-79.07347
23.632158,-40.834644
48.629322,-39.554764
-32.745117,43.61467
23.91672,-39.084652
22.527136,-44.677006
-49.492702,46.392757
23.329058,-42.856976
33.95933,-13.251711
56.696053,-4.8121424
-10.220399,68.37716
12.274971,-4.4968324
62.51174,-3.6895301
66.61998,-2.123342
48.00454,-40.37524
-14.293733,-30.32179
-46.64986,43.038204
-9.789398,-11.999149
-73.54541,16.892653
-32.17916,-27.457531
6.182069,39.20782
27.610374,3.204233
5.8122745,40.13147
-24.174557,-27.825827
6.448858,-83.25399
13.499666,9.0074
-38.09958,6.9474416
42.35255,20.82961
-12.057078,35.03461
23.36816,-34.681255
-41.33173,-47.292324
51.237595,-6.2028875
40.578964,18.995432
58.424988,-22.102911
30.596657,46.362915
-74.22946,16.229324
75.02127,9.607849
10.876573,-11.038247
6.802967,26.097519
-27.674618,-27.39174
55.764072,-5.124412
55.17112,-5.239206
-29.32064,16.174923
-68.70099,-10.6115675
-30.618147,-27.319052
-38.894505,6.616986
-72.96009,17.392391
74.03285,15.195095
37.90955,15.573196
-40.37288,-31.105455
-8.961742,-31.16068
74.919815,8.770219
-4.2980113,-11.807442
-48.393883,44.916832
-15.13713,-63.237274
-77.539345,2.8631194
71.21172,1.0064806
-43.427826,-44.16612
71.41342,1.1295959
-36.00094,-28.41772
-2.8958979,56.408073
25.412783,62.56472
33.16593,9.42775
29.082,42.067642
-34.775063,9.031472
-10.66423,69.313225
-38.379734,-49.915524
17.283297,68.32803
-25.381477,21.491299
17.66318,31.748617
18.577642,32.240627
54.01761,-5.5008144
66.29016,-2.2913842
25.657835,37.447807
-29.817944,15.3998785
12.933719,29.402296
1.4742287,48.976757
-34.643383,-51.765568
-1.7553643,-50.419125
5.519456,40.83087
13.231903,6.969052
-4.751147,59.546417
17.962542,31.925385
1.7117709,48.550755
-53.199043,13.080335
13.065097,5.4721336
-36.63764,-28.706264
23.922201,-38.7925
23.961296,-37.578728
13.146113,6.216286
-1.9424353,3.8231783
-19.36544,0.61673856
-66.54936,20.002373
-76.329994,13.020414
11.307688,-9.665593
-0.13873647,-81.49149
-0.30812547,52.024426
-77.897514,4.3654933
28.76005,57.86786
-41.658215,-46.92506
-12.264894,-30.759125
-44.185883,-37.05885
-6.3980246,-31.21563
-12.302569,10.919457
12.658659,29.262611
29.78323,5.4423084
46.592594,24.384434
31.77801,7.692534
30.657623,46.518936
30.904354,50.44808
-6.9452467,63.094833
5.270395,41.407288
10.365734,-12.302843
2.909303,46.336887
30.689596,52.16662
4.4804063,43.165665
-4.662321,59.404545
21.652113,65.78272
-47.778713,8.26551
-44.351498,-40.43655
14.031269,13.45177
-13.213856,-30.569517
12.593989,-0.7555295
40.65539,19.077917
48.251137,-40.060055
13.835024,11.478207
-73.17715,17.213223
1.6886336,-52.348743
-77.89432,6.1266074
35.0199,11.806297
-17.627365,-8.351477
-69.754166,-9.960621
12.132929,-5.592316
28.62665,-15.102696
-35.534924,-51.452744
-63.795525,19.970297
-51.04653,49.659126
41.355083,19.848608
-67.0995,-11.776443
23.457304,-41.443058
-17.324654,4.691821
-1.3205906,-0.30306768
-21.37623,26.476917
-19.795313,-2.5423434
-57.252857,-14.637942
42.159534,20.760887
-14.096533,-30.368692
37.525265,-11.379096
50.708874,-36.751938
-22.361187,-28.12626
-25.597837,21.20007
4.270138,-83.02805
63.287605,-3.7242193
12.538005,-1.6211226
42.800205,21.306513
54.114697,-32.478027
47.58184,-7.308621
74.22416,5.8602867
-20.360924,51.274895
54.174477,-31.38715
-7.8448286,-12.075262
30.158676,54.590603
-4.320729,58.82876
58.296997,-22.443361
14.00615,13.136182
-4.7668123,59.56802
-17.16864,5.031882
-49.41132,-14.760374
-19.21993,1.0263935
27.08844,2.6828818
-7.118982,-76.79861
-43.65354,41.587765
-14.739103,8.24429
22.983995,-33.99222
-77.81407,8.232149
-36.577232,-50.934166
-24.187098,23.388401
-3.8555043,58.03889
4.5898666,-54.74712
-34.91859,8.829273
30.817068,-14.22087
-13.16526,-53.92527
-33.58894,-52.080387
-74.439804,15.990717
6.1631317,-21.434414
54.919056,-30.14155
-0.8436786,52.918003
11.670189,-8.30772
-50.033344,10.0198
-19.812239,-3.2537436
17.829073,-29.483452
-13.231978,-68.68771
42.741463,21.156061
12.650026,69.60452
-31.328407,-27.362328
-77.63266,9.28345
-74.70664,-4.353679
0.10478683,-81.45853
-52.560158,12.501439
3.1391795,45.90592
-4.7654405,-31.064241
38.906525,-10.773156
0.71626526,-81.73185
5.457095,-20.465616
-11.337518,-71.73233
-11.023377,36.085674
-1.4933155,54.00236
-75.591484,14.426476
-77.82079,8.146658
-75.05571,-2.8424382
-44.141037,-42.0223
-19.237772,28.649584
-32.74329,-52.291065
-40.49817,-31.229809
-19.135881,-6.0903664
-19.81803,-28.79577
-31.222996,13.46096
10.590166,-25.564405
30.782015,47.412746
-3.2994614,-50.100918
73.88062,15.59028
-0.844322,-11.130993
33.360634,-13.122447
30.008345,5.7385597
28.060436,58.991592
-44.109486,-42.198673
37.487556,-52.757893
-2.105147,-30.5688
29.86518,55.50853
56.369476,-27.495327
23.249817,-42.20673
-38.662476,-49.756596
45.9742,23.90752
-4.9143515,59.81757
22.617323,-44.34455
27.396223,-60.096786
-12.119627,34.970043
-25.621223,-27.620237
5.1180015,41.75863
12.529018,-1.7511458
23.275978,35.091675
37.76404,15.389417
-12.35628,34.86923
28.880455,-14.997733
72.62265,2.7590826
13.931822,17.35126
18.72672,67.64393
-62.001163,19.568405
28.16228,3.764075
9.237753,-82.96693
-19.843235,-1.5673194
-44.10735,-42.20843
-65.96903,20.019518
64.89618,-2.9081504
46.836624,24.524366
-35.566864,-51.44911
38.950405,-51.377605
-17.37447,30.063946
36.579834,-53.557735
-28.787907,46.625248
-7.1306043,15.411586
26.011448,-16.133368
-25.230978,22.581438
11.191409,-10.07929
74.735176,7.708482
23.378422,64.55119
-45.540085,42.31577
-9.990824,-51.18172
-31.921804,-52.415936
12.961093,4.4263296
-51.49765,53.94125
-18.690582,29.319088
-32.8508,-52.26803
-28.639729,-27.337732
-39.74559,-30.552654
-15.162905,-62.987488
-21.855118,25.97937
44.95398,-8.23322
44.99302,23.18041
-6.4906244,62.370052
-3.4190373,-11.662121
4.411307,24.584204
-4.9626226,59.898067
-4.100174,58.45232
0.561946,50.55517
-1.7277299,-30.458675
-34.95002,-28.055483
-46.593693,43.0025
12.94969,4.2921567
35.204716,12.040998
-61.600624,-13.902595
-18.738754,-6.7382975
5.926656,25.564415
3.0293674,23.64486
-30.01418,15.112098
-13.652488,9.490951
13.046451,5.286739
19.842035,32.946445
-13.45522,-68.2755
10.344807,-59.878613
-4.9465137,-31.084263
4.32915,43.49747
-24.195244,23.216915
-27.161943,-27.436115
-1.2995799,53.67771
25.627855,1.3641247
12.422547,-3.0734265
7.686353,26.607622
12.759415,1.9162828
55.800583,-28.504456
-15.646962,-9.954078
-19.311373,-5.6128445
-13.355818,-54.20448
-11.314445,35.765347
14.246268,15.383977
-23.79582,-27.884773
-18.999924,1.6085814
30.919836,51.602657
-19.259903,-5.7320547
-77.54794,2.9191182
-20.502743,-28.552925
10.692146,-11.627728
10.343514,28.05864
-75.55753,14.498565
-6.7776895,62.81319
-14.031155,-55.365772
-57.438435,-14.622079
-32.719677,43.6152
25.170456,36.76986
-14.617409,-56.81219
12.869099,-26.986307
-19.832409,-1.5059502
-77.53272,2.806813
-40.02908,6.3230724
-7.184628,63.46957
11.942979,-6.8975616
-8.725025,65.984055
11.466175,-9.100589
7.1855917,-57.40692
12.379877,-3.5480096
-7.2072434,63.5061
-40.154358,-30.899807
-32.725025,-52.292435
-30.836931,44.995865
1.6567498,48.650284
-31.173203,-27.347288
70.90348,20.606142
50.334274,-6.4583125
-58.53383,17.755148
72.232315,2.3840268
3.949858,44.290348
24.976805,0.80501366
47.28436,24.81888
-1.5298629,20.15515
52.19,27.34438
13.716487,29.79649
10.709405,-11.61882
12.694251,29.28056
-4.274948,-30.998915
25.090006,-16.494776
-31.684935,12.52804
34.614986,-55.27853
-71.76871,18.307245
-45.456936,42.277847
42.724487,-47.102757
4.4113183,-82.98602
-67.94867,-11.077835
-40.361835,6.270699
4.9675035,24.952337
-77.7071,4.314514
-3.3806713,-50.020172
3.9897525,44.209778
-77.530655,2.795963
-63.109146,19.9603
-60.591152,18.951462
-51.379787,11.2983265
-15.384679,-59.735073
-19.910587,51.318493
-13.298329,-11.087449
-32.122303,11.965096
21.841452,-32.38034
71.69568,19.533806
-11.605176,11.609766
-45.049736,42.080883
-12.522818,10.6943035
66.43544,-2.217725
-66.54218,-12.05597
65.57671,25.3676
-78.13168,4.101074
-19.930923,-2.7853744
16.381063,-61.983833
4.4902453,43.156204
-11.417825,-71.59781
-56.795822,-14.91611
-75.25979,-3.5244899
34.948277,-54.997337
-20.779348,-28.403915
-1.8352828,3.3172004
22.32995,65.37258
14.025366,13.399315
-27.760977,-27.387594
10.993516,-10.730292
-2.2819111,-11.572131
71.895,1.5789758
43.212296,-46.50199
56.708725,-28.643951
2.6876779,23.396832
-16.20604,-9.580288
-1.6629585,2.4459572
34.27325,-55.554527
46.02196,-7.8446584
43.8376,22.201305
-50.558533,59.68815
28.06373,-15.327424
-4.6904225,-11.8627205
-49.593773,9.640727
6.667513,-22.040394
73.362625,16.740644
-35.430237,8.183041
11.099924,-10.420616
74.88524,12.168683
-54.787033,-14.953498
-25.646828,21.444195
-50.042076,-14.76167
51.6195,-35.506153
25.567635,-16.333714
71.292114,20.212364
6.1771812,25.720366
-32.006664,12.299801
20.551054,-62.169228
64.32717,26.062817
28.044569,59.35849
31.697287,-57.481773
28.22704,3.8254526
51.31777,26.786222
56.12471,-28.412598
-54.681274,-14.629786
46.3697,-43.372334
7.6077166,-83.21103
-49.46788,-14.505228
-12.541116,-70.551994
-6.497406,62.38021
-0.8930783,-0.747208
-53.00973,12.981567
-37.150753,-28.96183
30.07988,44.388725
28.141867,-15.296107
-42.232334,-33.06684
74.22368,5.8563685
-13.143832,-30.58633
58.706886,-22.7184
-40.039032,-30.797626
-27.297073,19.228756
45.47144,23.57635
20.699764,-31.265518
-6.1980147,61.899174
-70.252785,-9.234052
23.334522,-41.90939
-10.302288,12.854052
25.600357,62.340607
37.043373,-11.593014
-25.560047,49.077404
-74.49774,-4.1415052
-9.212763,66.74312
-22.988367,24.790718
29.064854,-14.928564
-13.199112,-11.236951
68.48168,23.163546
-28.658026,46.73175
-3.4293735,57.317715
-5.837087,16.619282
22.612808,65.23237
-23.935944,23.66859
-72.14249,18.001284
74.81501,12.548356
36.814922,-11.691364
11.854839,-7.422708
56.01094,-4.9916177
-13.167572,-11.403963
52.536877,27.088703
45.26326,-43.656357
12.806552,2.5881548
-34.712894,42.471874
10.933474,-10.825677
2.9074786,-53.36619
54.35773,-5.4224987
26.927856,38.78421
17.502563,-29.315937
74.29545,6.0109777
-1.4900677,1.735543
-75.91387,14.087679
-3.0224848,56.611115
5.732824,-20.866144
30.804148,47.60079
-50.5665,59.486725
2.9118485,46.333584
-49.205235,-14.48386
-62.51027,-13.803905
-42.156727,41.21737
34.379494,10.970339
-35.666492,8.207903
-44.698235,6.7394485
4.150792,43.872677
-71.98901,-7.764828
-55.04978,14.943541
-73.7152,-4.5073204
-16.315712,6.2986083
-9.362972,-74.21766
33.158283,9.417272
-74.75002,15.6435375
-44.84923,6.5959806
-1.4249877,53.88443
-23.479265,50.268135
7.581712,-23.195858
14.0693035,14.052459
-51.830986,11.760773
-49.287785,46.102146
-15.39858,-59.84351
-51.14976,57.069965
74.248566,5.891004
12.869173,3.3862467
-42.72942,-45.437477
-44.094242,-42.266533
22.5013,34.557762
-4.6662965,-78.479576
3.1480536,45.88877
-21.058376,-28.470116
24.636591,63.41688
-16.548359,6.1629734
4.1912546,43.788647
14.314,69.21723
35.190136,12.0222645
19.46469,32.730343
-19.766106,-0.9172322
5.9856014,-83.2285
-11.729464,35.362812
-7.5656576,15.228183
0.4676438,21.77719
-4.8897038,17.52847
20.491936,66.697624
-50.919224,10.853732
-35.10743,8.477761
27.57637,-60.0131
-15.50501,31.923689
-44.3945,-38.79202
56.85505,-4.839309
12.121225,69.51383
14.027989,15.957376
53.481323,-32.387257
31.984337,7.959363
4.901847,-55.5814
10.474574,-82.58771
30.00256,-58.58014
-7.437628,-50.21828
53.081306,-33.262356
-2.1876283,-11.393838
-5.8431334,-77.576225
-68.946686,19.561516
-27.595549,47.592205
51.90134,-35.1325
12.481386,-2.4035017
-15.4052725,-60.33806
23.290485,-42.066944
-7.0521092,15.468788
30.948845,50.531937
-4.335191,58.860374
-14.625996,-67.98674
-51.42229,55.17604
-8.336791,65.35888
-39.39265,-49.188065
25.964869,-60.858994
-74.59439,-4.000312
-9.894362,67.79804
-0.1180468,51.70412
52.52945,-34.129013
-65.90333,20.141634
1.7065469,48.561146
48.06613,-7.1498766
-50.918182,49.26126
13.941101,17.282846
-8.38102,65.42948
-6.6993937,-76.82548
-39.66085,41.029446
5.6897388,40.423023
-10.653101,-51.52626
-6.1574025,-12.025715
-50.446926,48.328594
70.91981,20.587446
54.252007,-31.24985
23.257294,35.106617
66.95715,24.43712
-4.0678716,58.396782
-2.2771184,-30.613096
-56.223614,15.752889
-17.907293,4.40897
30.436346,6.1926126
-50.241955,60.697105
10.433222,-59.932236
-7.668427,15.158034
-31.59425,-52.44679
33.41851,-13.206121
-0.36655366,-50.95684
-51.497208,53.649178
-10.987688,-11.812419
-50.37619,47.862995
-33.18573,43.0425
62.872486,-3.5678208
-42.767673,-33.60506
-20.389,-28.560429
-38.334442,-49.93591
-14.322922,8.734526
13.239657,7.052087
-76.93873,0.54651266
-7.8089213,-31.232096
29.534178,-58.838715
-32.162697,43.968132
-19.009092,28.485834
-15.403191,-60.25774
30.009686,55.808563
-36.086487,-51.193516
73.50155,4.3241673
36.487545,13.723341
-61.951786,19.550943
-15.972124,6.7964206
67.92886,-1.400428
30.757177,6.486574
61.425285,27.22646
-45.47912,42.29257
-30.04806,45.59421
72.69123,2.8295455
-19.796083,-3.4967222
-75.208405,-3.6322172
22.19167,34.34933
43.120052,21.580364
29.804033,55.645462
-27.130335,47.945717
-69.8857,19.247297
55.982563,-28.729744
-32.46451,-27.49939
-59.056683,18.08699
9.819317,-59.549877
14.057655,14.749551
-23.283693,50.361614
10.482087,-12.005179
72.045006,1.5942882
-51.21494,50.484707
73.712715,15.993655
-14.115372,-55.544254
-28.215567,47.084476
0.3504242,-51.45247
-5.5142326,16.886763
-25.53909,49.092445
-51.481583,54.507797
62.45573,-3.706348
-43.595512,-43.76653
-1.4218436,53.882275
2.9734108,23.606169
3.0933065,23.697361
-6.1101193,-50.049202
32.85476,9.026422
14.01529,16.470076
55.683105,-28.779058
30.313696,6.19909
22.899405,34.82322
70.00311,21.665255
47.650738,-40.829655
-45.214745,6.783413
-51.499184,54.044792
14.573029,30.202114
7.966382,26.775537
20.02287,-30.710546
29.365414,-14.805551
5.587006,40.67365
-34.601795,42.523903
-1.0898224,-50.642605
57.120243,-25.930342
18.165915,-29.627438
-31.949045,-27.398628
48.00216,25.230862
-23.712736,23.868769
-19.314335,-5.627448
30.466898,45.84124
27.349003,60.29882
45.117546,-43.892246
15.451467,69.00017
4.56349,-55.18579
-25.48491,21.355268
-22.880241,50.531303
-77.7117,4.3276644
43.54926,-8.761695
-55.909054,15.990263
-70.98532,18.722076
29.612043,56.239895
-19.360962,-5.49105
-67.573746,-11.464752
-49.68181,62.52237
26.810547,60.97677
15.882356,-62.00118
-35.875206,7.9284124
-11.866993,11.347994
-1.8990043,-80.384155
2.7586915,46.625282
32.724567,-13.42608
-32.23538,-52.375614
12.574385,-1.0649627
-44.36701,-38.05497
13.728502,10.649721
-28.377396,17.610394
-12.742896,-69.60895
7.416479,-57.626385
-0.8450658,-0.94382906
-28.169924,17.93243
-0.783125,-51.2039
-41.447945,6.21942
-1.0665843,-0.027088154
15.646482,30.73731
23.43665,-0.3727097
-44.537968,41.869675
-2.4481354,-80.02206
-26.981243,-27.455639
57.917095,-24.019966
-30.728254,13.968757
2.3491123,23.152199
-2.4557252,-80.016785
-47.173912,43.555603
34.110954,-12.769346
57.63524,-24.745012
5.0286016,-19.796143
-49.011906,-14.759184
-19.186375,28.372345
-51.498444,53.71799
22.532097,-61.848423
42.551483,-8.972989
-49.839172,62.049057
52.23364,26.989288
63.59321,26.418983
23.416853,-0.383302
-26.047861,20.895786
72.578926,18.158804
26.079363,37.675465
13.963262,17.085539
22.40856,-17.639189
-12.104878,34.78922
-2.6776853,56.039722
72.13283,18.887184
-33.377018,10.487044
-1.3066199,-80.70913
22.93341,34.76272
3.541502,45.117287
19.958418,66.99224
-38.98769,-49.398006
41.745434,20.340197
22.692379,34.706593
24.618132,0.5114048
54.556046,-30.719568
-41.515537,-47.099026
20.502464,33.33962
-61.58907,19.40532
5.038317,24.998653
-2.560498,55.866005
25.974531,37.764473
55.666,-28.814236
-16.252718,-29.818956
-61.903202,-13.882007
50.935825,-36.42966
-14.684138,-56.964935
-8.378382,-50.493214
-16.827332,5.3745646
-50.01535,-14.759437
-66.90988,-11.822409
30.569927,46.207485
19.757332,67.088356
27.69192,39.79646
-22.000471,25.827255
-77.75889,8.69986
-77.7178,8.903834
-42.565556,-33.49679
-18.535694,2.6770196
-1.6967037,2.6337965
25.169346,-16.534145
-51.362377,55.70729
-17.533962,30.193398
30.853447,-58.108917
29.482306,42.928143
-53.395294,-14.778692
-44.25562,-41.379917
25.337276,37.08478
-19.834078,-3.0785673
-32.10507,12.111188
-38.674644,-49.64281
-14.725028,-65.056175
11.794217,-7.73765
-44.968422,6.81827
20.523382,66.67815
19.780416,32.908226
-40.84009,6.240051
-51.46548,54.72425
-15.05395,-30.132784
30.232618,-58.46025
48.394386,25.431341
71.828476,19.346045
-74.2969,16.154076
-18.26885,29.548182
-50.858532,48.999
-4.5181055,-49.99354
-36.007126,7.9671197
-8.316818,65.32189
-19.417864,0.46640608
-10.697073,-72.67946
52.902927,27.220995
29.722904,55.784794
-12.187709,34.884056
13.8344965,17.970621
-14.128605,-66.72971
17.238497,-29.086245
55.112446,-5.241577
-21.79516,-28.173164
75.04813,10.060811
-38.669613,-49.77045
-29.876808,15.317957
-13.241966,-68.67058
-19.618616,-0.23149283
21.24579,66.178825
37.576534,15.151234
-45.098804,6.79862
-32.78165,-52.28295
0.7589307,-81.74785
-43.507397,-43.972942
10.423558,-59.927055
19.79057,-62.207516
23.002268,-0.6628428
-41.467705,-47.15222
15.626357,-61.98839
38.593784,-10.9167385
-39.19566,-30.15523
-28.373539,17.619503
56.87862,-26.622463
-14.451961,-10.618638
65.77624,-2.5407667
-1.1688805,53.465214
10.505316,-82.560524
62.290035,26.95898
9.374871,-24.642504
19.749544,67.08826
30.444233,-58.350903
-9.021955,-12.049955
14.073344,14.542356
21.239727,-31.671225
-15.674961,-29.975739
-76.736946,0.030114282
-15.386347,-59.766148
60.527412,27.460524
34.289265,10.849332
63.357235,26.529005
23.067509,-62.023193
61.769024,-3.88539
9.882102,-82.805176
-0.6303584,-1.7300373
36.113247,-53.989574
-75.24512,14.968658
-1.6207464,-11.397745
-31.534014,12.903766
-0.20057844,51.844025
-76.431145,13.042616
32.17152,8.171295
37.67082,15.254748
-19.103416,28.7648
37.935207,-52.361576
38.484024,-10.9406805
10.837013,69.443474
53.594696,-32.61987
26.855553,2.466172
27.519354,3.1054645
46.161766,23.914194
15.875657,-61.757397
-12.457972,-70.063194
19.349659,-62.199986
12.418878,-3.1244273
-73.86779,16.596237
-12.91817,-30.65781
-32.141277,43.980583
-17.2997,5.5719895
63.07176,-3.4950905
-5.5439506,-49.87677
-5.3431745,-77.99826
9.87689,-25.001354
-1.3345186,20.440634
52.771744,27.110167
31.207594,-14.062936
13.371977,69.303894
-22.149334,50.82389
-39.092777,-49.36188
-6.997093,-12.069695
-19.988873,51.32379
10.514696,-11.886634
21.770424,66.12507
-15.666458,31.78169
-1.923035,-30.51335
30.396358,-58.976376
-63.0008,19.839108
-8.345998,-75.29221
4.6771836,-55.371815
14.023531,16.27078
-43.0194,-44.973194
38.85031,16.747719
-14.898635,32.43087
15.4379425,-61.81303
-16.205395,31.252018
22.117691,65.534935
-7.0095043,16.22637
-45.479126,42.292652
-34.991653,-51.652775
11.7834425,-7.79481
-29.567774,15.796981
-23.930136,24.178556
23.906479,-39.460335
4.867621,-19.504595
62.280453,-3.7347293
25.672918,37.272774
67.37703,-1.7214953
-12.651583,-53.256863
2.163181,23.01989
4.2140408,-82.94013
-49.902313,-14.564219
-12.936869,-53.61514
34.048622,-13.002648
52.09912,26.808146
17.444052,-62.086514
31.001154,49.74298
4.808884,42.460995
72.73284,2.8953924
-70.45921,18.989134
-25.459368,49.149532
24.707228,36.553223
5.0028167,-19.750725
29.580034,55.73252
-12.913524,-30.648127
-54.082355,-14.934592
43.96922,-8.604733
-2.6489017,-11.526334
-7.777894,-50.99315
39.116653,-10.679754
-66.463264,-12.101304
26.370937,61.47833
22.60256,-44.3894
13.379069,8.123003
-13.619812,-67.89542
25.410131,62.567783
-77.590515,3.4665077
20.77274,-31.326414
8.969103,-58.96713
20.713232,66.471466
23.424572,-0.511096
27.915878,3.5033252
74.94834,11.719997
-75.33568,-3.331716
-40.868034,6.2231383
23.241806,-42.232277
-10.854882,-72.477066
30.45622,45.014473
-1.319923,-50.559124
74.85563,8.386021
1.7874418,48.408234
39.51438,-10.501041
-42.116055,-32.93999
31.724537,-13.848356
73.68228,16.069227
-11.4841795,-11.691448
-12.568233,10.653482
16.72003,31.276571
-22.245462,50.7933
-19.078407,-6.1018567
56.11518,-27.945587
-50.10654,10.083274
-21.656485,-28.26118
-4.888092,-49.789165
73.32161,3.9759018
52.95705,-33.531857
56.83614,-4.9291635
-49.905987,47.058994
-6.768157,-12.061338
-26.881496,-27.46665
-10.165556,12.980407
-54.08261,-14.93457
-56.018368,-14.914493
-22.743097,-28.064543
73.60026,16.251553
-2.446765,19.523987
6.733769,-83.25584
-48.270145,44.75275
27.318338,-60.132317
5.831684,40.082466
-13.407689,-68.76773
54.127247,-31.468882
8.8394575,-83.053795
-66.55449,-12.116799
-61.697132,19.451803
-14.935066,-57.639606
-35.58654,-51.444412
12.430309,29.147457
-51.45853,54.801567
-51.43801,52.602997
-43.12804,-34.480873
-51.176247,50.257355
-5.1405306,17.229645
23.96653,-37.750446
66.93055,24.450079
-10.0296135,68.02674
-14.178846,-30.352139
9.2268715,-24.527105
31.187035,-57.88349
22.860815,-17.424574
-40.76712,41.035156
-2.9569232,-30.76608
29.691921,56.09181
45.785206,-42.960266
17.887224,31.890795
19.93269,-62.205227
5.912483,39.889114
22.578785,-44.604866
-4.838026,-49.985653
-15.404784,-60.307266
-9.869875,-12.003256
-0.95927674,-0.45656943
62.306484,26.953184
29.268663,-59.612347
-17.870161,-8.025437
19.379393,32.679127
-48.71618,8.951126
-7.055894,-31.247875
-1.5876755,-80.56018
44.10915,-8.55474
-9.74052,-12.002948
47.521355,-41.030052
-19.928623,-2.2415292
29.786905,43.63848
-21.835567,25.999166
-59.443665,18.32018
-35.865562,-28.370583
30.934961,49.781055
50.210957,-37.449535
-12.488158,-70.01371
54.495655,-30.82621
17.199188,68.358604
-43.341568,-34.94479
46.136776,24.212543
26.573784,2.2078688
22.208855,-61.930767
-49.80239,46.880234
-12.432879,10.792095
74.63284,7.2140813
19.54119,-62.206074
29.504982,5.1271586
30.694723,46.815437
9.849286,-59.57417
29.021904,-14.948171
13.432318,8.539687
-44.260918,-37.35517
13.353171,69.37849
12.535211,-60.922092
-11.603326,-11.667275
29.112152,-59.09908
70.90282,0.749794
70.11254,21.542536
-6.3860903,62.197933
-31.433926,-27.358435
-22.379591,-28.119972
23.435085,-0.37372935
52.21452,-34.5989
-8.209189,64.948746
22.90318,-43.28152
57.654835,-24.750465
-18.91096,51.34076
-5.6977158,17.088017
-12.052071,-30.786343
-15.3011675,-59.237206
31.991823,-57.670567
53.75792,-31.9803
69.58798,22.102533
1.8661947,-82.350426
-8.940996,66.32364
24.352259,63.69582
-35.677456,8.050276
42.66736,-47.170353
12.653575,0.21077468
7.629973,-57.821926
-22.478058,-28.132317
-8.048514,14.850136
-1.7665011,-50.415512
-30.217648,45.458427
67.47785,-1.6652967
12.555377,-26.802652
67.95254,23.632027
15.734598,30.78705
-43.24832,6.2391815
49.40218,25.928677
73.862114,15.634377
11.01322,-10.619163
-32.233624,11.8301325
-56.756992,-14.916589
24.537674,0.44794205
-58.821175,-14.650245
-14.721035,32.647022
-13.665037,9.475297
72.00568,1.9073516
6.713066,-83.25546
-72.97093,-6.401422
-7.7971144,-75.84533
26.45965,-15.962488
-51.225555,56.651203
-58.05485,-14.576924
10.742349,28.280445
4.9909687,-55.373344
25.12482,63.050976
-48.123302,44.590546
-43.76784,-43.321682
58.02976,-23.696854
35.430172,-54.607166
3.9410908,24.269434
36.11765,13.236565
71.4019,19.94708
74.55829,13.591898
-23.511452,-27.927063
-7.638751,-12.076565
1.1963995,49.45824
-61.31693,-14.664549
-12.044787,-70.62007
-2.4276464,-80.03588
34.988804,11.767241
26.03171,-16.122444
28.103735,-59.736137
-55.79238,15.85792
6.068273,-21.317764
-19.858551,-2.0039568
-44.274563,-37.409176
-42.903866,-33.989433
-30.094398,-27.314157
5.7411475,40.299183
-61.914375,-14.543735
-42.562054,6.256836
63.59457,-3.381535
-22.191494,50.808212
-26.043383,48.737743
38.868656,16.795572
-44.374134,-38.208622
-6.368059,62.171066
29.933632,5.567852
-24.959152,-27.711039
23.00011,34.799446
-53.817368,13.770021
-10.883998,-51.691048
54.08165,-31.561865
-23.512959,24.04779
-75.12504,-3.7912447
51.62283,-6.099668
-14.381484,32.834476
14.0438385,29.95099
-34.185726,9.593486
-19.403458,-28.893469
33.937614,-55.77803
13.360807,-27.28682
-61.306927,-14.334209
30.723633,46.856464
-35.135147,-28.108286
47.05199,-41.67294
-6.7505345,-31.238207
-18.621616,-29.133554
-16.445463,31.104134
5.2878366,-55.61324
31.833921,7.7693434
-58.15415,-14.771459
23.966497,-37.75039
54.662434,-30.554953
56.55852,-5.0709515
21.031149,66.49671
-14.924565,-64.38279
53.844727,-31.877031
-71.40145,18.63174
9.004544,27.35139
49.28865,-38.714394
34.18765,10.722458
29.854452,-58.66002
-22.428734,25.36796
-7.571394,15.128855
-51.50343,-14.785278
16.055857,-28.607557
-51.19876,50.38698
-33.015083,10.907747
9.765699,27.766644
13.317146,7.6590133
-34.994415,8.856795
-46.019207,42.546116
-39.076115,41.043526
-9.905362,-31.07208
30.562456,45.690792
19.65161,67.18002
-44.393948,-39.295437
-41.875587,-46.657345
-77.68763,9.012977
41.638992,-48.28315
-19.61804,-4.636927
-26.298944,20.895689
-15.369549,-59.28818
23.669289,-35.082737
15.813763,68.8891
-49.52005,46.440556
-0.3375909,52.073578
-29.363794,-27.318672
6.241735,-83.254845
2.342316,-52.819435
-73.782005,-5.5327315
-15.383929,-30.047152
57.119972,-25.94831
0.8836947,-81.98412
2.9727676,23.603003
-1.8027093,-80.44611
52.712303,-5.814178
-20.115294,-28.734934
-7.393533,15.695527
3.7305567,44.734325
40.42294,-49.84014
11.776488,-7.8244433
37.272144,14.743388
34.058926,-55.694496
5.8854246,25.545591
-50.50512,48.092278
-42.72799,-45.43906
-3.2487454,-30.821585
53.26758,27.416058
-30.965538,-52.461483
-13.563549,33.632267
38.66269,-10.878317
-46.949345,7.747311
12.635381,-0.082932465
-35.451534,-28.203495
-14.2809305,8.778512
25.993624,61.903297
44.766747,-44.438843
-68.03461,19.78834
-54.334877,14.213333
-6.565775,15.848122
12.341229,-3.9349198
59.1819,27.621521
-11.718661,35.365997
-14.725,32.59014
-77.67413,9.104443
-29.565462,15.799809
44.242016,-45.314976
-37.190567,41.498245
-70.20673,19.102179
-6.196881,-31.202938
-6.4028378,62.22733
-39.184467,-30.14845
10.295557,69.45031
59.97255,27.604147
-16.409397,31.201868
6.74319,-22.145794
72.90323,17.588726
9.876776,-25.001684
-39.360703,-49.2173
4.7643213,-19.30064
10.4879265,69.55159
74.34587,6.129946
12.488175,-26.764439
41.834816,20.263878
-72.15087,-7.4582844
14.078785,14.31595
30.326471,45.42161
-5.8744564,61.371403
-15.131595,-63.41718
0.1400201,-51.32783
-45.177563,42.13457
30.732405,51.491627
1.0150841,49.780407
6.155342,39.27904
10.382973,-82.63172
13.817677,18.054644
-2.6285899,55.119083
47.573505,24.994184
10.125495,-25.204395
-50.40392,-14.637169
2.7744987,-53.13642
61.57394,27.189754
9.032872,-24.375534
-11.596464,11.618082
-22.385456,50.73772
-56.145046,16.531733
-16.564838,-9.331312
-50.633522,-14.760146
-50.901485,58.1987
-10.42511,12.73445
22.17727,-45.62376
-20.1161,-2.7127023
12.494706,-2.218565
2.9445195,-82.60741
-9.628918,67.36313
18.20959,-29.64268
-50.739574,48.325916
11.379758,-9.425945
-77.40148,10.172474
-10.031322,68.03137
6.7752833,-22.152973
-42.86274,-33.99286
2.570988,-82.46416
13.964254,17.081194
48.295547,25.38249
-12.393581,-70.81022
37.29067,14.766501
-26.662916,-27.490143
-26.25104,20.647165
5.5192156,-20.565899
14.076874,14.328211
25.42799,62.791786
-36.951733,-28.86192
56.33126,-4.956803
-59.801964,-14.510818
51.78921,27.141272
-46.307877,42.69951
-30.590733,-27.31818
-75.74579,-2.2747974
-28.43572,-27.346718
28.575401,58.32028
29.334469,56.819687
-13.037319,34.090572
-1.3910344,-11.204857
-62.91873,19.784105
-40.130676,-48.49285
-23.573128,24.175385
12.742176,1.6421728
-17.305573,4.7404566
-74.75716,-4.2930255
-10.505048,12.659188
-6.2347493,16.45859
34.494312,-55.37859
-27.319244,47.804
-34.925976,-51.672306
11.930224,-6.996452
-63.188095,19.875664
14.533555,-27.898176
-76.84434,11.864813
12.990393,69.39763
-18.24944,29.56728
46.70927,24.427929
-24.99742,49.44826
-10.622477,69.21657
-77.89264,5.6181207
-53.582985,13.451427
12.744213,1.6774042
-3.9218545,-11.750621
14.196139,-61.43236
-11.089453,-30.923843
74.98138,9.22543
-22.332306,50.761494
-31.747902,12.86389
58.265495,-22.5438
-76.17817,13.549587
-1.7783797,3.0497909
-44.376965,-38.285164
-31.21717,13.364801
-35.660492,8.549039
75.05697,10.479335
30.475588,53.347885
12.798595,2.4523897
-75.58639,14.450787
0.15001197,-81.48605
37.718163,-11.291015
12.706214,1.0690917
12.736457,1.5565705
6.546907,25.942108
-3.1710095,56.88261
-19.81207,-1.2872384
48.482056,-39.73518
27.528631,60.049915
9.51909,-82.90843
30.709501,45.0336
18.234898,-29.653118
-70.589836,18.926632
44.421024,-44.911087
9.55099,-24.76999
35.896084,-12.088184
49.75095,-6.628708
24.1489,-16.846363
-11.624224,-11.652783
-19.494486,0.21958911
63.267666,-3.481934
56.46807,-4.928036
42.157436,-8.905784
23.500828,-35.12484
-46.287292,42.78554
-14.569782,32.778023
-43.230755,-44.57941
22.265799,65.298584
-18.391571,2.9813666
-16.376516,-9.451494
24.718288,-16.677357
-44.0524,-42.434452
72.03432,19.028433
-8.281379,14.667376
38.206013,-11.079259
64.27335,26.084837
26.254602,37.796295
-43.687294,-35.73066
-59.87646,18.571095
18.208822,-29.642899
6.53654,-21.890358
-7.3638062,-31.247377
-1.1324215,20.42664
-10.7813425,-72.5863
9.006758,-58.963657
-19.137987,-28.985321
72.29503,2.3904054
65.50291,25.405073
-1.2933183,0.94379896
24.443686,-61.289574
49.919804,-6.5797305
-35.653683,-28.27968
-15.549462,7.2785115
-42.794033,-33.790672
-4.361696,58.901363
-24.167648,49.92811
27.259735,2.8528733
-21.196882,-28.411316
47.765503,-40.713524
-46.758465,7.638777
69.61263,22.07902
-59.128098,18.129768
-30.538177,45.231533
-77.81066,8.284975
-35.49441,8.670672
-2.1374106,-11.483431
12.012073,-6.485952
-1.8403622,3.361676
-35.3469,-51.522476
-26.987513,19.697357
49.419975,-6.7273636
12.683544,0.68988687
23.820992,-41.673424
-77.41313,2.257081
-5.520139,17.187397
-3.3365285,-30.839298
-31.292656,-52.462612
12.946452,4.25857
-17.074085,-8.880204
21.957346,-32.518948
41.422085,19.887564
-9.6704235,67.44233
10.51556,-11.878262
-50.764633,58.772045
-12.43435,34.7727
-57.08379,-14.655427
54.06155,-5.488308
33.768612,-12.809755
-39.73481,-30.54899
-5.6863956,-31.160196
33.013744,-56.480362
74.96204,11.597621
-24.166399,49.92914
-13.015545,-30.604254
-53.330173,13.191385
-65.995544,20.035103
70.845695,20.684177
-23.732557,23.84396
10.265007,-82.68249
34.36869,-55.48686
13.160608,6.343978
-72.24268,17.937172
3.6886399,24.105665
-74.49832,-4.6136427
-16.711706,-29.683619
-69.95362,19.210917
75.009705,11.13753
-28.746025,17.038345
32.19337,-57.101192
-1.7425187,2.8511794
27.896984,-15.394837
17.283354,68.3256
-1.296696,20.909988
-33.98392,42.842457
-19.79441,-3.5211122
-72.00759,-7.612916
-1.9246758,3.7513762
10.016687,-59.700085
-51.169514,56.963764
-9.945135,-11.985355
-46.017277,42.549477
20.306965,-30.917635
23.904451,-39.47865
27.446005,60.060005
-15.152531,-63.096462
-5.6059256,16.885683
31.229206,-14.055801
18.378784,-29.718487
-35.73839,-51.34849
-0.64498764,52.585815
12.499556,-26.77027
-40.125057,40.982613
-50.45479,48.28771
-1.0999136,-50.639183
-19.604551,28.2628
53.61565,-32.589184
-3.6994443,-79.149055
-16.626936,31.011679
35.21399,12.053962
-3.573648,-79.80274
5.0027137,-19.750586
65.3932,-2.7054572
-44.359074,-38.0002
-17.5602,-8.400264
12.705442,1.0585418
-51.40369,52.20404
-42.035873,-46.455944
-61.163063,19.230389
-20.825485,-28.844627
-31.533215,12.516201
11.1937275,-10.066676
65.71916,25.280302
65.53026,25.393713
14.078354,-27.684177
29.24737,-14.855502
-20.322,-28.62317
37.31241,-11.4775505
-5.1176453,-11.923077
-13.3926325,-10.997048
27.33467,39.306572
-22.191732,50.807823
67.730804,23.822824
14.01182,16.543627
-60.185387,18.736174
47.290394,-7.4026623
-14.544639,-10.662812
-60.652588,-14.197753
16.051641,31.021967
12.155745,-5.4346976
2.534523,-52.96514
41.285038,-48.929604
12.533217,-1.6956787
58.5936,-22.886267
34.882004,11.623339
-69.129944,19.511707
23.354816,-17.217808
50.5653,26.494205
-46.62696,43.023087
-51.497646,53.941277
-2.1140313,4.610794
-24.126076,-27.83348
-6.0399013,-31.190096
71.05114,0.8439249
74.32028,14.363438
58.99472,27.667267
-18.155993,-7.628251
27.228516,2.8221908
-50.78188,-14.701524
-4.5984817,17.779305
-63.294052,19.966108
14.958863,69.087105
2.2034183,-52.732094
-24.217768,49.89769
-41.912045,-32.69937
-29.128057,46.362385
56.5949,-4.717401
-77.9014,6.534006
33.061085,-13.241193
42.28508,-9.058264
-46.98441,7.7600994
-14.387044,-10.669091
22.482725,-17.602846
-26.263895,21.332344
-72.83063,17.492947
47.32867,-7.390449
-14.650944,-56.55281
-39.541595,6.408204
-8.312969,14.638625
-11.767275,-71.04117
41.951477,20.406158
37.784,-52.217525
8.347799,-58.428875
-13.309628,33.84155
36.52335,-11.816828
-1.212299,0.5901588
41.206997,-49.024338
21.656572,-32.17178
30.419455,5.925303
-13.056539,-11.094181
-71.95673,18.127567
50.789444,-36.65445
-7.4929852,-31.24248
-0.7519246,-1.3274218
-21.382704,51.057713
-43.287388,6.327757
-67.01017,19.953964
46.008957,-7.849297
15.535844,30.681908
56.989616,-26.78579
-5.4644427,-50.007164
-12.47062,-30.722723
-41.387222,-47.22545
19.235281,67.41135
14.008978,16.588627
41.71433,-9.5131445
51.824665,27.239681
7.367505,-57.578682
42.62754,21.010773
6.903125,-57.134327
-74.841446,15.53239
-15.178556,-10.239688
33.183735,-13.253011
45.851967,-43.413837
23.906483,-39.460377
4.755023,-55.09969
-16.380507,6.2877345
-12.230145,-52.85912
53.10517,-5.7143707
12.323703,-4.093023
0.5061949,50.650856
58.349976,-22.288128
-18.560192,29.04611
-37.407146,-29.095055
-10.160676,12.986871
46.529312,-7.6640673
12.49356,-2.2409945
-35.00533,-28.073318
23.94399,-37.349754
56.38153,-27.47463
-61.130913,-14.344581
-43.871166,6.5053377
-18.873238,1.9149618
64.12976,26.16548
-38.309746,41.176292
-39.066833,-49.6361
40.20742,-10.1937065
-18.41032,-29.19394
10.8768,-11.062995
10.649589,69.420334
14.058408,-61.620148
28.114872,40.410217
8.93588,-83.036095
21.25402,-31.760164
5.2572627,25.14409
-7.366544,-31.245653
42.21643,-47.646008
22.823856,34.83471
24.127329,-16.40799
-9.519449,-12.024436
13.260073,7.1826005
-42.828278,-33.734913
60.578094,27.44427
70.80612,20.723974
-15.325783,-61.643093
-13.18243,-69.13108
-33.254585,-27.651903
74.49528,6.603599
-50.452595,60.116985
5.1586013,25.077154
23.27835,-34.494576
-0.9078831,-0.694228
-28.685783,46.7103
-15.86322,-9.821874
-17.767193,-8.145717
14.391192,-27.82848
-13.648204,-54.67897
74.74827,12.940449
-50.5916,59.396782
62.55834,26.859386
-32.5358,11.481982
-19.294996,28.461174
-54.205776,-14.934866
67.97365,-1.3726472
0.05591164,21.449972
-14.43622,-65.9268
-64.81641,-12.912724
-10.903569,-72.397446
13.634686,69.30561
-3.9851453,58.25602
-6.192501,61.88999
63.787106,-3.313824
-25.21997,22.3992
-70.700874,-9.211549
-37.442715,7.2496924
-65.38526,-12.664379
-73.307434,-6.0100346
63.41783,-3.4251416
40.483166,-49.774574
-1.0191749,20.75633
-15.4315605,-62.97393
-2.7605696,19.263653
-31.158,-27.347124
18.832863,67.59318
-13.84316,9.278642
-19.628956,-0.28241003
-28.251982,47.051365
52.179054,-34.64914
-22.060566,25.761925
-77.286354,10.562203
-39.426777,-30.318865
31.472052,-13.955325
-32.65902,43.658573
-43.010975,41.417686
25.54091,62.415573
11.698156,28.771467
-26.503069,20.363285
-10.9761095,70.10388
-11.0801,-51.85366
58.601612,27.735867
11.290367,69.46976
-28.618235,46.759987
46.66365,-7.616901
47.674534,-7.278205
15.249049,-61.760048
7.7380157,26.64583
-8.48786,-50.648956
-15.58293,-29.999369
11.646368,-60.5214
-34.80548,42.431828
27.120218,39.001736
-12.934021,34.19028
56.887108,-4.8687673
2.2516835,-82.32373
-0.61518794,52.536316
37.68207,15.277994
-72.74579,-6.743902
28.126493,40.428192
68.26458,-1.1755114
-23.770351,23.607792
-16.48118,-29.751684
-8.371034,65.41288
-56.623173,16.539202
-51.218872,56.707207
34.04224,10.529234
-15.833548,31.674948
14.056855,13.800498
-29.997814,45.63061
-48.95308,-14.458449
32.235886,-13.635141
-27.995256,18.198565
23.959507,-38.27135
35.179665,-12.402192
7.370734,-83.23783
35.5671,12.522484
-33.8566,42.92018
24.573662,-16.844269
-16.543804,-29.735727
-44.324665,-40.808212
39.006836,-51.307774
69.6814,22.010406
22.805347,-43.548943
-0.94075155,-11.13445
13.015477,4.997738
-23.490135,24.426569
-35.201412,-28.127153
-6.5801816,16.062927
-24.465433,-27.780214
17.508984,-29.322626
3.4956982,23.975525
45.505974,-43.911045
74.76122,12.799139
15.494505,68.9627
7.7751403,-83.19432
26.777168,2.391383
30.32173,53.963215
3.924438,-54.155415
35.856052,-54.225048
42.255444,-9.218408
-54.31253,-15.298921
-26.622137,-27.493738
-1.088386,53.328407
13.898668,17.604431
27.343483,2.9341776
42.695625,20.851198
-30.957355,-52.463116
62.676956,26.8142
54.198814,27.491947
-5.8981953,-12.00505
32.521015,8.612902
44.440365,-44.880886
58.428787,27.886663
-61.98736,-13.877054
-34.55021,9.136446
-12.890969,34.23096
13.153669,6.283374
30.791153,47.486843
-76.131226,-1.4196544
66.47476,24.788767
75.038284,9.849943
-46.57225,42.969997
-2.1431584,-50.356586
22.616905,-61.819977
8.052938,-58.19087
-3.3997037,-50.144463
-12.607648,-30.704367
4.360705,-83.037704
-2.463525,55.771797
1.7863793,22.743227
-0.79692876,-1.1418457
-19.812706,-1.2690047
-15.993997,-29.887564
30.931156,50.085323
-59.326252,-14.68188
-76.66218,12.352577
-1.7749739,-80.46211
14.59864,-61.493652
-50.362446,47.788227
21.24238,66.18121
0.1589316,-81.489746
30.562464,45.690784
-49.73025,62.387306
-15.403413,-60.19428
43.23461,21.65623
-2.159877,4.809705
1.3607329,49.182625
24.52454,-38.883846
14.958277,-28.098513
12.3390875,-3.9567525
3.965854,-82.887115
8.398683,27.016178
55.61529,-28.92498
-36.925392,7.5091405
3.7602627,-82.83005
-28.483345,-27.3452
34.365227,-12.783337
12.702875,-27.335941
25.442526,37.016144
5.3573127,-55.409897
-3.9531853,-11.758514
12.650013,69.60458
5.29614,-55.619312
-53.6235,13.886685
-51.067947,57.45034
40.742767,-48.911385
22.775959,-0.81477237
24.928232,-16.372187
30.404696,-14.387684
26.584291,61.361473
0.556242,-81.66875
70.497826,0.4059037
-38.77245,40.516766
74.58345,6.992262
-51.496494,53.985268
-44.31253,-40.91694
-32.812126,-27.557108
-44.25465,-37.331398
32.05745,-57.205746
1.5183398,48.892048
43.10775,-46.63539
-52.56081,12.504137
-33.487537,-27.701735
-66.81115,19.978941
-29.460318,-27.317608
-11.196341,35.895493
42.10205,20.653933
28.032782,3.6241124
47.56574,24.986828
23.71075,-35.911373
-19.99448,51.321304
9.3391905,27.53748
3.1437051,-53.418247
-51.23028,56.65127
-5.2472515,60.363323
29.438728,56.61149
-38.45837,-29.690699
30.77949,51.459824
43.925453,-45.595318
-49.24879,9.336642
-49.989563,9.98407
64.58406,25.929976
66.616646,24.709736
28.589724,58.294376
-2.3365138,-50.252228
-28.44083,17.514814
28.714117,41.326828
28.152596,40.46615
58.46122,-22.0216
53.69497,-5.572822
-47.964417,-14.55761
-1.5021095,1.7895994
-20.0914,51.314945
-37.081272,7.4191985
34.220028,10.766595
11.745144,69.40216
-2.9647722,56.520218
-69.735016,19.295599
49.280743,25.86995
41.235264,19.553638
59.211094,28.010586
47.013924,-41.622185
-32.134693,-27.451754
-19.64795,-4.431151
-19.8667,27.982056
-42.14897,-46.293747
7.8894286,-58.049053
-77.91428,6.5589566
-10.737364,69.48931
3.3717322,23.88817
33.211174,9.482172
30.103722,-59.158485
37.566513,15.137835
74.9499,11.733543
-16.665373,5.636645
42.66712,21.283377
30.097359,44.60363
32.77883,-56.660652
-14.931286,-64.35905
-6.916035,-31.243837
36.42977,13.6456
58.262634,-22.720528
50.970726,-6.279801
63.855072,-3.27666
1.1432091,49.556812
75.05049,10.346673
14.011828,16.54352
-39.865864,41.006382
15.125208,-61.698143
-5.5825768,-11.969167
-48.680267,-14.673357
34.403984,-55.460587
1.2158554,49.425625
14.370646,-61.802536
48.766396,-39.370235
-51.43277,55.068592
-56.417088,16.3208
26.054338,62.039585
-14.276047,-66.58776
3.7804399,44.632576
-19.456938,51.363945
66.85959,24.504848
-6.0612445,-77.39328
-25.924023,21.069906
5.409609,-83.16737
-71.76993,18.246943
6.9035273,-22.293148
74.4356,14.011087
-2.7582116,-11.548504
-28.101103,47.182507
42.465237,21.064259
-28.410126,46.915302
8.7236395,-58.73608
22.25068,34.322372
47.734684,-7.2577114
-38.992714,41.051117
-10.572616,-72.99087
19.749777,-62.202347
43.48405,-46.17783
48.077137,-40.28457
-14.896445,-57.185226
-40.16741,6.284977
-77.868416,3.9617572
-60.039097,18.645823
74.77225,7.9101005
35.040375,11.825286
5.9376187,39.824944
-55.80511,15.465709
14.244061,-27.75806
36.87535,14.232973
31.574484,-57.571857
-76.81624,0.23679662
0.10294965,-51.30434
23.64636,-35.63767
-20.137804,51.308525
-57.654545,17.19718
2.831764,-53.173363
49.008137,-6.854486
-4.0463967,18.236568
4.529336,43.07341
74.282616,5.928872
-51.858982,-14.795397
-69.64181,19.337898
-12.650437,-11.404837
-16.105156,31.243366
-50.393612,10.344314
17.099396,68.40839
13.07567,5.593952
-19.002188,-29.024828
12.272379,-4.5251403
-4.4073834,-49.84423
-71.01663,18.735168
28.71967,58.823757
-6.9610677,63.121002
22.56865,-44.50613
-1.4945283,1.7573847
-44.06115,6.684406
1.9829327,48.05311
30.895536,48.658768
13.474063,8.846185
51.771618,-35.239067
-57.743378,-15.479328
-23.292274,50.35751
64.13758,-3.1935627
53.03111,27.319727
-11.812042,-70.968346
26.606562,61.24803
24.136276,-61.72843
67.06686,24.35964
31.481115,-13.95433
45.6687,23.864779
25.705791,-61.55156
-9.77322,67.60545
-18.038328,3.6812696
-48.51472,-14.624838
-43.926357,-36.304825
-1.7156136,20.045973
67.68605,-1.5454198
-37.54406,7.200594
-4.099946,-11.783378
-36.080982,41.893734
-17.244543,4.799202
-17.571459,-8.376748
30.119802,44.679626
26.682955,38.489582
0.58163315,21.8512
-1.3102193,53.693012
-2.0805252,19.839428
-54.58347,14.688478
-46.91074,43.267883
29.368769,-58.942368
26.951359,2.5578892
-9.536536,-31.109333
-55.341442,-14.734925
-64.46508,20.019716
-74.111015,16.342596
12.650602,0.16727379
50.184063,26.309164
-13.579554,-67.990555
-7.838015,-50.307846
-9.096572,66.56993
-72.34724,-7.2379236
1.8875663,22.817474
38.548626,-51.473778
27.949917,59.292423
-19.541382,-4.893294
-2.483506,-30.65997
59.326466,27.724768
39.26313,-49.468746
40.84931,19.247955
-62.443336,19.700207
-18.860916,1.9470385
73.319496,16.826366
-39.479332,-49.055847
-29.509527,-27.316269
50.420895,-37.155632
47.447575,24.919777
72.32734,18.574604
-10.16499,-51.265003
2.9868188,-53.3028
57.332043,-25.466536
-74.14643,16.307846
74.95102,9.002697
26.703808,-15.8650055
10.107644,-82.71696
-3.366483,57.209026
-70.729004,-8.8354845
65.16718,25.604244
-43.03419,-44.95246
45.391415,-43.451862
-16.875168,5.735362
-17.378391,4.7849236
52.419163,27.593174
-0.8369093,-0.994571
39.432903,17.480328
23.217325,-43.615345
-5.803405,-31.171026
-56.98843,16.45208
-0.21855788,-51.052273
5.2453504,41.46563
30.169613,5.8473926
44.268696,22.563162
-17.56678,30.359331
23.305056,-61.650463
-49.69882,9.733501
13.670192,10.220473
12.795757,2.4129455
44.978577,-44.144054
19.649237,-62.206783
-14.177308,8.899116
47.374863,-7.374611
-68.37351,-10.765621
-6.721397,62.733105
15.380856,-28.295973
26.69412,-60.552944
8.912781,27.300997
-61.252518,19.263327
19.798079,-30.583263
-35.781834,42.008213
39.68425,17.836542
75.05048,10.094484
-1.5463657,1.9484655
-14.994594,-64.16471
-50.63415,59.276638
26.191643,-16.059637
-47.132988,43.515396
24.559483,63.53154
-17.74479,30.02208
-70.89447,-8.804401
33.4379,-56.148556
-72.69523,-6.81257
12.829103,2.8688133
-6.0855618,61.722332
-17.424307,-8.538991
-56.815975,16.285776
2.2074652,47.639572
-31.697666,-52.436947
-9.77083,-12.001942
3.5123215,-82.89462
37.54424,15.09591
34.067837,10.563788
57.617558,-4.7501855
38.15636,-52.16238
10.803029,69.43604
-76.03876,-1.3694153
2.972124,23.608553
46.09482,-42.6686
-1.8594394,19.9706
-39.203625,41.033764
44.705418,-44.834206
74.27151,5.936097
30.920221,48.96028
-42.699566,41.335926
14.20924,15.283022
28.069365,-59.7535
64.50287,-3.0653634
-69.404205,-9.980124
-29.384575,16.074606
29.36364,42.65697
41.209198,-48.78555
-71.93597,-7.6892257
11.960076,-26.455801
32.44539,8.520471
-43.75476,-43.349823
-77.84852,3.819929
-21.422129,26.42259
0.66633487,-81.71253
23.771687,-16.971684
40.751595,-49.473972
58.0062,27.818787
-11.292759,-11.7499275
24.885294,36.55345
71.529305,1.2375295
66.75144,-2.0560107
38.21493,-52.09746
-14.871662,32.50056
-14.847379,-30.185839
-51.67415,11.597856
56.502518,-27.179321
4.897351,42.245266
-2.7105281,55.05379
30.720825,46.932827
-6.9063854,16.041183
22.48087,-61.863605
-1.2126797,20.309732
-41.524895,41.118565
38.49228,-51.85514
-17.627556,30.11968
60.93069,-4.0658517
-2.7119246,-50.16702
22.822777,-43.5021
13.852689,-27.561861
-65.03443,-12.820941
68.65628,23.003262
-24.640171,49.65978
70.71989,0.5943177
-71.66581,-7.956584
-7.2768507,-31.244919
-14.344131,-30.30762
30.62932,52.56967
30.18085,54.509003
-20.345009,27.529629
-1.6395466,2.3475013
-2.045275,-50.333725
14.827875,-61.912693
-29.673826,45.894707
-4.360155,-31.01334
-12.493946,-53.10463
-61.75896,19.475151
-2.8740985,-30.748034
-11.190506,12.009739
1.4982573,48.937042
12.719102,1.2937386
22.450706,-44.90258
-37.503777,-50.420322
-11.793562,35.088593
12.856285,3.206685
12.56014,-1.2843269
-57.68866,17.12983
13.245232,7.118405
-31.6803,12.338945
26.267387,62.706898
28.140308,3.7411027
-5.4593334,-77.8801
33.26757,-56.281902
-9.940531,67.874626
-8.135166,14.844348
-51.21684,56.70772
44.31761,-45.060413
-32.504906,11.495563
21.211048,-31.713995
35.130707,-54.85143
-4.9987106,-78.25613
3.3100965,-53.569263
-28.838331,-27.330559
21.242617,66.086205
19.211985,-30.203106
34.41939,-55.450077
-7.4305377,-76.20025
-16.463583,-9.383141
30.032665,55.03868
74.285484,5.99847
-19.490873,-5.1296453
55.328457,-30.308693
23.916445,-39.14345
-31.761093,12.443247
40.68988,-9.980737
-70.53702,-8.995781
58.40362,-22.144611
-34.354347,9.416282
-64.937645,-12.861269
-4.6345806,-49.808693
-2.758183,-79.798775
15.269476,-28.244888
-67.66988,19.85257
-27.445082,47.710567
45.78521,-7.929285
25.793657,37.41271
7.5962334,-57.790672
-29.845554,-27.313524
0.78910667,50.159447
-77.553444,2.9901562
-75.58521,-2.6752546
43.23893,-46.47429
-5.767083,16.678186
-3.3186445,-30.835766
-24.550043,22.876465
52.174618,-5.9538875
-76.78623,12.008009
-7.657792,-31.237423
42.08746,-9.452137
-9.286171,-31.132662
22.983242,-33.992195
33.785667,10.208556
-36.21581,-51.127594
72.58319,2.6243699
-26.570908,20.278624
13.977162,16.943554
-11.801734,35.276573
38.34356,-51.99026
-65.241325,-12.730002
-0.5928218,-1.8429418
-56.60938,16.08306
71.222664,20.19156
-15.094999,-58.121643
27.792498,-15.43428
-35.161316,42.26962
13.48202,-61.35997
-44.36234,41.81905
46.693367,24.426422
15.426727,30.613214
30.278069,54.6336
-16.322144,31.214169
53.890648,-31.813486
-52.74851,12.686108
-14.909509,-10.404413
3.327593,-53.582832
-42.971825,-45.03936
48.129246,25.29735
6.0066166,-83.22892
26.303602,37.970726
-31.930462,12.071288
10.601201,-11.504284
-53.26237,13.135573
-1.5132291,1.8330467
-12.740219,10.475036
-42.079952,41.197376
-50.780785,58.705738
-57.045647,-14.919148
62.59344,26.845787
66.38376,24.849276
-44.492386,41.866978
-66.75856,-12.002688
23.870785,-36.766285
-45.4762,6.97922
-17.901852,-7.9861083
7.90483,-23.303722
-1.6003084,-11.391284
-1.8166237,-80.437675
13.918413,-27.594385
-57.41045,-15.23049
-27.298073,19.229239
-44.392994,-38.767467
58.6995,27.575783
-29.271534,46.241627
12.691556,-26.877914
-58.35174,17.622236
-16.325975,6.276117
-77.624275,3.9444911
-43.370888,6.246033
52.492054,27.54583
22.778883,-43.64159
-76.73235,12.226004
-13.748924,-54.850872
18.708471,-29.900438
-12.403219,-70.13632
-14.747708,-56.358204
-19.76196,51.34429
-16.644833,-9.260111
2.9596188,46.247032
48.068428,-40.28883
-48.49878,8.760926
-70.26946,19.077505
-43.403755,6.3676906
-69.44865,19.403492
-48.84489,-14.727606
65.32524,-2.7410011
-75.27873,14.91997
61.875732,27.092382
-4.156338,18.130035
-2.8770661,56.378395
-15.158709,-56.596527
-39.865047,-48.71681
-18.17631,-29.262735
-45.71765,42.364082
23.754963,-0.15078683
-42.67915,-33.8835
13.381083,69.3779
42.555836,-9.185889
40.700962,19.173656
36.924023,14.297058
-4.7162623,59.493748
23.3573,-0.44407532
-2.107787,55.196987
6.655262,-22.021055
-51.25302,56.479675
-39.442177,-49.103188
-16.918541,5.398073
-59.239758,18.202732
-19.217585,1.0484393
-6.4230933,-50.012035
-5.0798416,17.421305
-23.434015,50.32757
-5.4494596,60.693592
11.733375,-8.006171
-51.512257,54.08815
3.2668655,-53.532845
46.96267,-7.512594
51.72798,-35.298553
-39.876816,-30.666546
-67.311226,-11.640274
-73.00251,-6.4701567
-77.674255,9.104825
12.90611,29.388252
7.3855295,-22.837666
-10.044808,-31.05665
-15.403171,-59.937023
10.853262,-11.349338
68.28923,23.335623
42.07866,-9.423422
73.947075,15.403663
17.524775,31.70229
-44.29922,6.2801657
-32.19502,43.952892
-43.40156,6.5013757
-10.573637,-72.84577
-48.067978,44.52836
-18.90182,51.3406
-41.30593,-47.319817
16.206419,-61.957554
13.068526,5.5297666
72.33355,2.3819904
-31.532888,13.060585
-77.862595,7.5442586
-46.162422,42.792923
-77.82817,8.053533
-12.655827,-69.76216
12.86128,3.2898853
8.648895,-58.675705
-67.71841,19.845507
19.232956,32.595913
-1.7658182,2.9774318
54.206184,27.486887
24.172724,-38.494343
9.165319,-82.9779
29.059023,42.02063
50.9854,26.680473
11.851057,-7.4569926
9.920019,69.41985
-16.750326,-29.67908
-22.948336,24.782862
27.738623,59.758
-11.349212,11.860528
-0.53039783,-51.096035
-19.265646,51.371635
53.843754,-32.308006
-37.12943,-50.634426
22.331572,65.47154
30.852934,51.615166
-74.943,15.368092
-5.96053,16.712341
-65.64259,20.060574
-61.333992,-13.95215
-1.5496489,-80.5798
65.255714,-2.7660897
57.273582,27.774014
42.552258,-47.31542
-12.434498,-53.050793
28.659866,41.29612
4.614609,42.880615
40.781036,18.713419
-51.05277,57.519142
-12.169174,-70.43423
30.484262,6.2304506
-37.167164,-28.969822
-37.24167,41.480194
-6.9624352,-12.068697
20.903395,-62.131813
-30.377203,45.326252
74.53813,13.990821
2.2239993,-82.5011
-2.1200707,55.233932
26.024351,37.335426
48.870453,-39.228855
72.41789,18.422277
40.07519,18.299364
-36.005493,-51.230564
23.07631,-61.690037
-28.771563,17.00503
71.13098,20.313261
20.13526,66.910416
-35.27016,-28.142673
29.486464,5.116594
-44.34188,-40.578236
-10.889775,-51.697433
30.755344,51.760178
-14.8129015,-64.77932
-77.227,1.5419289
-4.26384,58.731606
51.31745,-6.1838
15.577023,68.93788
16.142298,30.956482
-21.462204,26.389204
-76.67736,12.364417
12.429478,69.45271
15.349248,30.60075
-11.06681,36.03518
49.44117,-38.493916
1.5207909,22.546555
-7.695195,15.140845
-35.067513,8.524484
30.315022,44.852905
-50.210934,60.759117
-19.737492,-4.089966
28.804504,-59.30022
74.740105,12.972903
32.7461,-57.14151
-0.99139285,-0.34725797
-59.77702,-14.409255
24.173475,-16.997105
23.329971,-61.647057
-50.739574,48.325916
22.777683,65.17924
23.95782,-38.390446
-23.865278,-27.87554
-35.705406,-28.300571
-11.14705,-30.916494
41.81836,-47.846947
-43.200253,-44.646946
12.352105,69.28029
55.41287,-29.311827
24.707796,36.173386
45.288795,23.40352
59.75065,27.65032
3.448733,-82.748535
-39.66425,-30.48911
-3.3670638,-50.092007
-12.82596,-53.44768
-1.2852277,0.9125414
5.6248894,-83.19454
5.542329,40.770805
-72.16455,-7.4578204
-28.221298,-27.359705
32.34293,-56.991016
26.276329,61.59025
71.694046,19.541428
-9.514163,-74.040634
-2.2190332,-30.598705
5.188512,-20.058163
-13.945976,-10.915263
-12.063002,11.155604
-43.949524,-42.801994
-1.9561291,3.9159386
-11.237848,-11.775124
56.81625,-26.779882
46.06409,-43.14531
-2.312534,-11.430852
8.5588875,-23.942228
13.207373,6.7777967
-25.849333,20.832788
-53.756706,13.608318
25.302,-16.4211
-4.03273,-78.90996
-13.272321,-68.99278
-74.51515,-4.585751
13.417805,8.406456
-48.12324,44.590588
-1.9116087,-11.468631
17.15839,-62.064
19.21932,-30.209452
46.004623,23.88788
31.112244,6.8625193
12.8709135,3.4082081
-76.40374,12.882585
12.3734045,-26.69863
23.791714,35.430134
-50.34621,60.17967
-6.8186088,-12.062999
0.76787984,-81.75042
-16.267366,6.3773336
7.9198146,-23.31922
-9.350343,66.94803
-12.190381,-30.767447
-22.607674,-28.09363
-49.90598,47.058823
-73.87139,16.622868
-6.459907,-31.2205
-45.663242,6.992975
29.981884,55.19582
-5.436277,-77.91168
-4.0730433,-50.126526
-29.625992,15.699817
-8.355531,-12.066897
-44.355564,-40.373314
37.060394,-53.129337
-17.93294,29.576963
-9.82622,67.687614
-13.556991,33.63723
4.962281,-55.00523
-37.13079,41.51843
-11.944105,-52.58892
-16.983406,-8.964052
-67.04453,19.954855
52.49464,-34.35935
-20.915558,-28.329208
-9.130003,-50.80157
-4.150911,-30.979244
13.031845,5.162307
-12.398174,10.819893
54.742207,-30.426605
-14.052831,-66.90892
74.989006,11.400507
-14.9032755,8.052926
-21.982738,25.846237
-27.102709,-27.44336
26.16553,-16.072243
-0.14637385,21.313337
26.915514,60.805943
-13.1766615,-11.182933
-75.90299,13.861308
-74.757256,-4.2931657
11.980839,-6.695817
13.9662075,12.700363
23.738583,35.44094
-3.7232487,18.497536
-35.18496,-51.599022
-51.098465,11.007227
53.058537,27.386265
25.518194,-16.334023
62.097755,-3.8097517
41.220337,19.74608
46.7907,-7.5729933
33.279903,-13.168139
49.797382,-6.6158524
-6.4919615,-77.03371
-32.38883,11.627277
-0.35042566,21.117088
-45.62184,7.070242
74.480705,6.5709414
56.98272,-5.290873
-13.416706,33.744366
-31.250324,12.901863
18.96894,32.452328
10.208882,27.999043
24.649197,-16.768162
-13.1788845,10.006798
-1.1542431,0.3153858
-63.743053,-13.338008
-8.719764,65.976135
-16.720932,-9.183591
56.51819,-27.493443
32.886753,9.0678215
-24.865915,49.52524
-2.2312639,5.118141
-35.927982,-51.262985
-61.755005,-14.262265
-13.145221,-53.873093
17.981339,-29.236687
-32.314922,43.8682
-39.159466,-30.130941
30.044323,56.09244
-6.13802,61.80791
19.999878,-62.203403
61.570988,27.1862
-17.029089,6.012198
-44.02661,-36.567425
11.128765,28.48256
-51.356304,51.63843
47.36284,-7.3798623
-1.9862522,19.899088
-15.281849,-59.134537
-32.71882,-52.295116
7.988687,-23.458546
55.872128,-28.35957
57.909275,-24.139965
12.437974,-2.9136248
-58.85178,17.958866
51.64442,-35.41255
-55.728714,16.000658
-50.955482,10.8745775
-66.32802,-12.23353
-53.88528,-15.225402
22.41437,-45.000187
23.165514,-34.232906
-76.78794,12.037008
-48.596188,8.86854
1.8433423,-52.454792
22.766315,-43.70421
-14.481627,-65.91306
52.616447,27.41999
-51.364204,55.680706
54.65434,-30.571749
59.013638,-22.617386
13.337091,7.817272
21.003832,-31.519407
73.32419,16.822968
-15.281917,7.6111894
4.933728,-83.09302
33.62783,10.001456
2.2724853,-52.786587
70.61751,20.965538
-21.871286,50.910652
47.89129,-40.543995
-12.424714,34.658176
23.492123,-33.0137
48.705814,-39.45383
-48.06365,-14.563915
-19.275066,51.369503
-6.583908,-76.94743
-77.416595,2.2735498
-13.720968,-30.456938
-4.506474,-11.837184
-74.83486,-3.6156719
5.937439,-21.14183
-70.28769,-10.039623
13.864823,17.801039
-50.310863,60.00485
49.31692,-38.657463
42.809753,-46.999187
22.434208,-44.944546
71.34435,1.1584815
-13.342155,9.826718
58.861206,-22.194706
65.87665,-2.4897287
29.017761,57.43839
17.800634,31.817759
74.36138,6.142776
12.454059,-2.7215283
-77.59054,3.4665008
-37.56501,41.3781
-68.96284,19.557169
8.376005,27.005594
-75.47133,-2.6535385
16.38281,68.681244
36.341354,-53.779873
11.958033,-6.822043
30.354425,-58.400307
-43.09045,-44.79942
-48.59909,-14.649392
-77.89024,4.5741568
-15.342718,-10.140553
-6.205997,-12.026735
-8.354421,-31.203928
-43.503944,-43.98566
65.62633,25.333803
-33.560856,-27.717329
24.81592,0.6788984
23.056414,-34.089485
63.029163,26.67145
15.259446,-28.240461
21.935331,34.209938
-50.69584,59.014256
-31.480198,-27.36353
-77.47761,2.5104113
-13.959283,-11.032529
-42.543247,-33.47844
-4.1794424,58.588776
-28.162058,-27.362675
-20.071394,27.704365
-39.493416,40.97184
71.78253,1.687454
-65.52798,20.062521
-18.554377,2.6446135
-71.206635,-8.571655
-43.964573,-42.765244
58.342766,27.774082
-8.9390335,66.321754
14.909193,69.1122
28.416729,58.58597
68.95687,22.730337
-9.802068,-73.73256
-71.7026,-7.961139
-33.45328,-52.11821
7.075222,26.258663
-15.860981,31.65009
30.485344,53.332855
-5.5215487,-49.871452
-77.70768,8.947138
-14.092822,-55.489372
-10.463778,12.709464
-10.275541,68.48322
46.13893,-42.630688
-39.1797,6.525011
0.015576119,51.478443
-77.8331,8.118959
28.99294,41.89765
6.1495614,25.700083
-68.52916,19.677523
42.35847,20.932114
-44.041004,-36.603413
30.435871,6.0925364
26.518433,38.21447
46.117744,24.034237
-1.7988906,-50.46271
-3.6661613,-11.710829
-1.0281943,-0.1540026
58.103767,-23.429512
69.235916,22.454283
23.89749,35.695362
-1.7246584,2.7672877
15.952044,68.82443
22.967781,-17.385723
63.94082,26.25735
26.25134,1.9323102
48.403355,-39.855183
-49.109596,-14.774963
70.12363,21.53097
6.824579,26.11032
43.36803,-46.308628
-29.519554,15.867988
-22.434187,50.70651
24.482012,-16.618006
-49.905907,47.05895
47.353146,24.862709
-12.864724,-69.89041
-31.940973,-27.415403
42.909374,21.424088
-77.85939,7.59819
-17.40404,5.1057024
-1.8173869,-11.24746
37.103268,-52.998814
14.947472,30.385437
-49.875572,61.931786
-10.100795,-11.963526
40.505653,-49.73627
9.694154,-82.865814
42.228264,-9.274765
30.948143,49.78306
39.79645,17.985828
56.11131,-4.940602
60.19034,27.556156
24.216562,-61.35381
49.117535,-38.923836
-34.471603,42.588764
-44.325974,-37.757717
9.037227,27.37487
-21.48358,26.36029
45.745388,23.749489
1.5101476,-82.83533
18.514217,-29.783981
-1.5466009,1.9484601
74.0156,5.360764
-21.218582,26.633175
-15.00845,-57.905052
-76.87211,0.3907466
41.880653,20.356716
3.5187404,23.983492
22.797401,65.15998
30.305698,-58.42447
-7.157191,-50.156322
14.120885,-61.64442
5.9991045,39.673603
11.928516,69.37456
51.935474,-6.0130353
-42.056316,-46.428635
-5.3549156,60.536865
-19.304224,28.589043
-50.56588,10.5119
29.274529,56.952625
-13.684565,33.48437
30.762661,51.632267
-18.613428,29.405842
-44.685547,6.737734
-9.765759,-31.088469
23.797358,-40.1208
-33.067787,-52.216534
30.934732,49.207443
-50.57765,-14.758204
-50.739574,48.325916
8.994241,-58.95252
37.825703,-11.243043
57.48092,-4.721308
57.983574,-4.6670623
-43.175694,-34.575054
12.126336,69.66119
53.502502,-32.351665
-19.647951,-4.431153
14.0114,13.2193365
-50.429512,59.76868
5.8014584,25.481464
13.649923,29.755728
-33.42442,-52.134884
58.117542,-4.6345596
51.519455,-6.128793
-51.086002,49.786186
24.504496,0.39326134
58.78142,27.960794
-19.739956,-0.78053665
-18.46442,-7.161903
46.563183,-42.17887
-0.05357805,-81.3751
-11.840216,-70.92417
-1.9820256,54.891155
27.848764,-59.875927
5.127208,41.73742
49.826813,-37.975452
26.82663,2.4329011
-47.075672,7.820678
10.880456,-11.078532
4.193337,43.784966
-17.368275,4.962027
-12.018285,-71.413765
-11.4335375,-71.56923
13.418254,8.42504
36.587994,-53.554543
-68.013214,-11.026638
-9.531202,-12.023005
53.538044,-5.6122575
58.520527,-21.854008
-27.698132,18.64585
-70.37953,-9.126917
28.717335,41.372864
-44.070126,6.2051067
-65.35758,-12.677595
15.6849575,68.89923
22.992533,-17.377256
-7.155906,63.42322
-39.758926,6.3619256
24.737043,63.31186
16.242586,-28.691536
-13.481109,-11.090412
-11.518901,-52.21966
-6.0552144,16.277252
26.4793,-60.653183
-42.433674,-33.329464
3.978349,24.299425
8.135981,26.871735
40.302464,18.606615
-6.512509,-12.049553
-2.7394187,-50.250572
36.426228,-53.70258
-19.77988,-0.99948615
-41.802998,6.215346
-18.363369,3.048771
-44.186966,6.421694
3.52809,24.001726
-77.857506,5.1633887
-73.972786,-5.092521
-35.708122,-51.38669
-20.431568,-28.709354
-39.638218,-48.944454
-71.79936,-7.880576
70.20495,21.437859
58.15618,27.803247
-28.252499,47.05119
10.422723,-25.440315
62.213078,-3.7854946
-61.853153,-14.2374
-36.93196,-50.743393
-21.32587,-28.38077
29.7981,43.676025
-50.98064,57.858437
13.458548,8.710143
-18.834646,-6.5483284
30.420797,45.259308
13.873326,11.802086
4.6299005,24.742329
16.884033,68.49352
24.679377,0.58419645
58.23133,27.826494
-72.83992,-6.658002
57.108055,-25.9635
-35.23352,8.342322
16.64114,31.333448
-33.700317,10.110165
69.021416,22.665998
37.135044,-11.550876
23.159576,-34.22418
73.484535,16.492529
13.305622,29.589476
5.0284758,-19.795961
24.107224,-61.401955
23.697735,-17.037186
44.514168,22.772552
23.795406,-61.5203
-26.29894,20.895792
-14.810056,-57.276363
13.752057,10.822812
57.943367,-23.948643
-14.436778,32.5172
-17.179855,-29.552557
28.655607,58.09978
-19.843193,28.01673
6.1569734,-56.399223
-15.204123,-62.6052
-37.903786,-29.364393
46.27875,24.098354
44.415253,-44.919704
-69.89318,-9.535872
-18.335423,-7.355756
-49.762566,-13.7774515
43.671696,-45.958126
-6.777831,-76.74404
-78.06998,3.3893375
-27.293228,19.260273
-43.00073,-34.2216
-32.03485,-52.4013
-4.8479457,-50.260017
74.51485,13.805456
-8.209762,64.98898
9.037364,-24.381495
-11.283824,-71.815216
-33.145554,43.36188
-39.130722,6.5290604
44.84425,-8.277465
40.95755,-48.32077
-48.438763,-14.462666
-39.726467,41.017864
-31.376026,12.714477
-0.66930866,20.826624
64.99431,25.705637
-51.280262,56.327065
-2.769432,-11.523859
11.439723,-26.138468
-58.387257,17.655542
4.938795,42.149616
-66.02132,-12.367571
-9.867842,-73.751366
13.113018,69.5143
39.903244,-10.331314
67.22406,-1.8037912
-41.939236,-46.584568
-2.2655382,19.683125
30.94941,49.069645
-33.649696,43.043285
28.763765,57.924488
71.57795,19.74636
43.951107,-45.558647
18.367483,32.13293
-57.269997,16.884329
72.45418,18.361876
43.304447,21.71583
-47.458836,-14.494398
-68.01315,19.78829
-17.90426,3.8469975
20.225374,66.81462
58.768585,-23.086906
29.268707,-14.846396
64.3151,-3.1275187
17.166473,68.375435
